-- phpMyAdmin SQL Dump
-- version 5.0.4
-- https://www.phpmyadmin.net/
--
-- Host: 127.0.0.1:3307
-- Generation Time: Sep 28, 2023 at 07:43 PM
-- Server version: 10.4.17-MariaDB
-- PHP Version: 7.3.26

SET SQL_MODE = "NO_AUTO_VALUE_ON_ZERO";
START TRANSACTION;
SET time_zone = "+00:00";


/*!40101 SET @OLD_CHARACTER_SET_CLIENT=@@CHARACTER_SET_CLIENT */;
/*!40101 SET @OLD_CHARACTER_SET_RESULTS=@@CHARACTER_SET_RESULTS */;
/*!40101 SET @OLD_COLLATION_CONNECTION=@@COLLATION_CONNECTION */;
/*!40101 SET NAMES utf8mb4 */;

--
-- Database: `sgfic`
--

-- --------------------------------------------------------

--
-- Table structure for table `ambiente`
--

CREATE TABLE `ambiente` (
  `idSala` int(11) NOT NULL,
  `Identificador` varchar(30) DEFAULT NULL,
  `descricao` varchar(100) DEFAULT NULL
) ENGINE=InnoDB DEFAULT CHARSET=utf8mb4;

--
-- Dumping data for table `ambiente`
--

INSERT INTO `ambiente` (`idSala`, `Identificador`, `descricao`) VALUES
(1, 'S115', 'biblioteca'),
(2, 'S129', 'Sala aula'),
(3, 'S130', 'Sala aula'),
(4, 'L131', 'Metrologia 1'),
(5, 'L132', 'Metrologia 2'),
(6, 'S133', 'Sala Aula'),
(7, 'L135', 'EletroErosão FIO'),
(8, 'L137', 'CAD/CAM'),
(9, 'S215', 'Preparação dos docentes'),
(10, 'L216', 'Ensaio Mecânico'),
(11, 'S224', 'Sala Aula'),
(12, 'S228', 'Tec. Eletr. Veicular'),
(13, 'L231', 'Eletronica digital'),
(14, 'L232', 'Comando Acionamento'),
(15, 'L233', 'Domótica'),
(16, 'S236', 'Tec. Eletricidade'),
(17, 'S304', 'Sala aula'),
(18, 'S305', 'Auditório'),
(19, 'S306', 'Sala Aula'),
(20, 'L307', 'Projetos'),
(21, 'S308', 'Desenho'),
(22, 'L310', 'Informática 1'),
(23, 'L315', 'Informática 2'),
(24, 'S318', 'Sala aula'),
(25, 'S319', 'Sala Aula'),
(26, 'L320', 'Informática III'),
(27, 'S321', 'Reunião'),
(28, 'L322', 'Informática IV'),
(29, 'S323', 'Sala Aula'),
(30, 'S324', 'Sala Aula'),
(31, 'L327', 'Contr. Program'),
(32, 'L328', 'Hidraulica'),
(33, 'L329', 'FMS/Robótica'),
(34, 'L330', 'Informática V'),
(35, 'L331', 'Pneumática'),
(36, 'L332', 'Eletrônica geral'),
(37, 'S333', 'Dep. mecatrônica'),
(38, 'L334', 'Comandos Eletr'),
(39, 'S404', 'Sala aula'),
(40, 'OCNC', 'Oficina CNC'),
(41, 'OPRO', 'Oficina Projetos'),
(42, 'OAJ', 'Ajustagem'),
(43, 'OTO', 'Tornearia'),
(44, 'OFR', 'Oficina Fresagem'),
(45, 'OMAN', 'Manutenção Mecânica'),
(46, 'OSOL', 'Solda'),
(47, 'S144', 'Dep Solda'),
(48, 'S146', 'Prep Material'),
(49, 'SLGE', 'Uplab'),
(50, 'S235', 'Dep Elétrica'),
(51, 'EMP', 'Empilhadeira'),
(52, 'AREA2', 'Pátio da área 2'),
(53, 'EXTERNO', 'Aula ministrada externamente'),
(54, 'OSUSP', 'Oficina de Suspensão');

-- --------------------------------------------------------

--
-- Table structure for table `area`
--

CREATE TABLE `area` (
  `idArea` int(11) NOT NULL,
  `nome` varchar(100) NOT NULL
) ENGINE=InnoDB DEFAULT CHARSET=utf8mb4;

--
-- Dumping data for table `area`
--

INSERT INTO `area` (`idArea`, `nome`) VALUES
(1, 'Gestão / Qualidade'),
(2, 'Gestão'),
(3, 'Tecnologia da Informação'),
(4, 'Qualidade'),
(5, 'Eletrônica'),
(6, 'Mecânica'),
(7, 'Automação Predial'),
(8, 'Aeronautica'),
(9, 'Elétrica'),
(10, 'Automobilistica'),
(11, 'Metrologia'),
(12, 'Solda'),
(13, 'Empilhadeira'),
(14, 'Automação Industrial');

-- --------------------------------------------------------

--
-- Table structure for table `calendarioacademico`
--

CREATE TABLE `calendarioacademico` (
  `idCalendario` int(11) NOT NULL,
  `Ano` int(11) DEFAULT NULL
) ENGINE=InnoDB DEFAULT CHARSET=utf8mb4;

--
-- Dumping data for table `calendarioacademico`
--

INSERT INTO `calendarioacademico` (`idCalendario`, `Ano`) VALUES
(1, 2023);

-- --------------------------------------------------------

--
-- Table structure for table `curso`
--

CREATE TABLE `curso` (
  `idCurso` int(11) NOT NULL,
  `nome` varchar(100) NOT NULL,
  `metaDeTI` int(11) DEFAULT NULL,
  `carga_horaria` int(11) DEFAULT NULL,
  `vigencia` varchar(50) DEFAULT NULL,
  `descricao` text DEFAULT NULL,
  `requisitos` text DEFAULT NULL,
  `Sigla` varchar(10) DEFAULT NULL,
  `idArea` int(11) DEFAULT NULL
) ENGINE=InnoDB DEFAULT CHARSET=utf8mb4;

--
-- Dumping data for table `curso`
--

INSERT INTO `curso` (`idCurso`, `nome`, `metaDeTI`, `carga_horaria`, `vigencia`, `descricao`, `requisitos`, `Sigla`, `idArea`) VALUES
(1, 'Interpretação da Norma NBR-ISO 9001:2015', 0, 20, '2015-11-11', 'O curso de Aperfeiçoamento Profissional de Interpretação da Norma NBR-ISO 9001:2015 tem por objetivo o desenvolvimento de competências para auxiliar nas atividades de suporte ao Sistema de Gestão da Qualidade, interpretando e implementando os requisitos da norma para melhoria das situações pertinentes ao escopo da Certificação. ', 'O aluno deverá: (i) Ter no mínimo 16 anos de idade no início do curso; (ii) Ter concluído o Nível Fundamental Escolar.\"\r\n', 'INBR', 1),
(2, 'Auditor Interno NBR ISO 9001:2015', 1, 24, '2015-11-11', 'O curso de Aperfeiçoamento Profissional de Auditor Interno NBR ISO 9001:2015 tem por objetivo o desenvolvimento de competências para planejar e preparar a auditoria interna do Sistema de Gestão da Qualidade; Realizar Auditoria Interna do Sistema de Gestão da Qualidade, de acordo com a norma em referência; Redigir relatórios de auditoria, identificando a oportunidade de melhoria; Conduzir a auditoria, prevenindo e evitando conflitos com o auditado.', 'O aluno deverá: (i) Ter no mínimo 16 anos de idade no início do curso; (ii) Ter concluído o Nível Médio; (iii) Ter concluído o Curso de Aperfeiçoamento Profissional Interpretação da Norma NBR ISO 9001:2015 ou comprovar conhecimentos e/ou experiências anteriores na área de gestão da qualidade.', 'AINBR', 1),
(3, 'Excelência no Atendimento ao Cliente', 0, 20, '1970-01-01', 'O curso de Aperfeiçoamento Profissional em Excelência no Atendimento ao Cliente tem por objetivo o desenvolvimento de competências relativas à execução de processo diferenciado no atendimento, de acordo com o perfil comportamental do cliente, visando oferecer uma experiência positiva, presencialmente ou por meios digitais, seguindo a legislação e politicas empresariais. ', 'O aluno deverá: (i) Ter no mínimo 16 anos de idade no início do curso; (ii) Estar cursando o Nível Fundamental Escolar a partir da 5ª série/ano; (iii) Exercer ou ter exercido atividades ligadas à área de atendimento ao cliente', 'EAC', 2),
(4, 'Excel Básico', 1, 40, '2020-11-06', 'O curso de Aperfeiçoamento Profissional em Excel Básico tem por objetivo desenvolver competências relativas à elaboração e formatação de planilhas utilizando fórmulas e funções matemáticas, estatísticas, de data e hora, lógicas, de pesquisa, como: SOMA, MÉDIA, SOMASE, CONT.SE, MÉDIASE, SE, PROCV, entre outras, criando gráficos e mini gráficos, tendo em vista a produtividade e a solução de problemas em diferentes áreas de atuação.  ', 'O aluno deverá: (i) Ter no mínimo 14 anos de idade no início do curso; (i) Ter concluído o Nível Fundamental Escolar; (iii) Ter conhecimento em Informática Básica.', 'EB', 3),
(5, 'Excel Avançado', 1, 40, '2020-12-15', 'O curso de Aperfeiçoamento Profissional em  Excel Avançado tem por objetivo o desenvolvimento de competências relacionadas à elaboração de planilhas automatizadas, utilizando funções aninhadas, controles de formulário, importação de dados, gravação de macros, considerando a organização e proteção dos dados. Criar tabelas e gráficos dinâmicos, subtotais e filtros avançados, tendo em vista a produtividade e a solução de problemas em diferentes áreas de atuação.  \r\n', 'O aluno deverá: (i) Ter no mínimo 14 anos de idade no início do curso; (ii) Ter concluído o Nível Fundamental Escolar. (iii) Comprovar conhecimentos ou experiências anteriores referentes ao Microsoft Excel Básico em outros cursos, no trabalho ou em outros meios informais.', 'EAV', 3),
(6, 'Auxiliar Administrativo', 0, 160, '2020-01-23', 'O curso de Aperfeiçoamento Profissional de Auxiliar Administrativo tem por objetivo o desenvolvimento de competências para auxilio nos trabalhos pertinentes às áreas administrativas das organizações, nos setores financeiro, contabilidade, logística, recursos humanos, marketing e comercial de acordo com a legislação, procedimentos internos, normas ambientais, de qualidade e de segurança e saúde no trabalho. ', 'O aluno deverá: (i)Ter no mínimo 16 anos de idade no início do curso; (ii) Ter concluído o Nível Fundamental Escolar.', 'AA', 2),
(7, 'Inspetor de Qualidade', 0, 160, '2019-12-27', 'O curso de Aperfeiçoamento Profissional de Inspetor de Qualidade tem por objetivo o desenvolvimento de competências relativas à condução e realização de inspeções de peças e conjuntos mecânicos por meio de medições dimensionais e geométricas, no início, durante e ao término de cada etapa do processo de fabricação, utilizando instrumentos de medição e ferramentas da qualidade seguindo normas de  técnicas, ambientais, saúde e segurança no trabalho.', 'O aluno deverá: (i) Ter no mínimo 16 anos de idade no início do curso; (ii) Ter concluído o Nível Fundamental Escolar.', 'IQ', 4),
(8, 'Implantação de Serviços em Nuvem - Google Cloud Foundations', 1, 40, '2022-05-18', 'O curso de Aperfeiçoamento Profissional de Implantação de Serviços em Nuvem - Google Cloud Foundations tem por objetivo o desenvolvimento de competências relativas à preparação do estudante para certificações Cloud Digital Leader, permitindo articular os recursos dos principais produtos e serviços do Google Cloud, desenvolvendo capacidades que possibilitem ao concluinte implementar serviços de armazenamento e análise de dados, utilizando as principais tecnologias da área disponíveis nos serviços de nuvem. ', 'O aluno deverá: (i) Ter no mínimo 14 anos de idade no início do curso; (ii) Ter concluído o Nível Fundamental Escolar; (iii) Ter conhecimento básico de serviços relacionados à nuvem; (iv) Ter conhecimentos básicos em banco de dados.', 'ISNGC', 3),
(9, 'Power BI', 1, 20, '2020-07-26', 'O curso de Aperfeiçoamento Profissional Power BI tem por objetivo o desenvolvimento de competências relativas ao desenvolvimento de diversos tipos de indicadores e construção de painéis gerenciais, utilizando dados de fontes variadas por meio do software DataVisualization Microsoft Power BI. ', 'O aluno deverá: (i) Ter no mínimo 14 anos de idade no início do curso; (ii)Ter concluído o Nível Fundamental Escolar; (iii) Ter concluído o curso de Informática Básica ou Excel Básico ou ter conhecimentos equivalentes.', 'PWBI', 3),
(10, 'Fundamentos de Power Platform - Microsoft - PL-900', 1, 40, '2023-03-22', 'O curso de Aperfeiçoamento Profissional Fundamentos de Power Platform - Microsoft - PL-900 tem por objetivo o desenvolvimento de competências relativas à utilização e aplicação dos serviços: Power BI, Power Automate, Power Apps e Power Virtual Agents, por meio dos conteúdos formativos da Microsoft, seguindo procedimentos e normas técnicas de qualidade possibilitando que o profissional pleiteie a certificação Microsoft - PL-900.', 'O aluno deverá: (i) Ter no mínimo 14 anos de idade no início do curso; (ii) Ter conhecimentos em informática básica (Windows e pacote Office), adquiridos em outros cursos, no trabalho e ou em outros meios informais.', 'PWPL900', 3),
(11, 'Programação em Python', 1, 80, '2022-04-12', 'O curso de Aperfeiçoamento Profissional de Programação em Python tem por objetivo o desenvolvimento de competências relativas a programação utilizando codificações na linguagem Python com diferentes níveis de complexidade, seguindo manuais técnicos de boas práticas de programação, normas técnicas de qualidade, meio ambiente, saúde e segurança no trabalho.', 'O aluno deverá: (i) Ter no mínimo 16 anos de idade no início do curso; (ii) Ter concluído o Nível Fundamental Escolar; (iii) Ter conhecimentos e experiências anteriores referentes à Informática Básica adquiridos em cursos, no trabalho ou em outros meios informais.', 'PYTH', 3),
(12, 'Programação em Python no Raspberry', 1, 48, '2019-03-01', 'O Curso de Aperfeiçoamento Profissional Programação em Python no Raspberry tem por objetivo o desenvolvimento de raciocínio lógico, para a estruturação de programas utilizando a linguagem Python, seguindo procedimentos e normas técnicas de qualidade, meio ambiente, saúde e segurança no trabalho.', 'O aluno deverá: (i) Ter no mínimo 14 anos de idade no início do curso; (ii) Ter concluído o Nível Fundamental Escolar; (iii) Ter conhecimentos de lógica de programação.', 'PPRSP', 3),
(13, 'ARDUINO', 1, 40, '2021-12-01', 'O curso de Aperfeiçoamento Profissional ARDUINO tem por objetivo o desenvolvimento de competências relativas à programação utilizando linguagem própria do ARDUINO, visando aplicações em sistemas de controle nos segmentos da indústria, residência, IoT e Maker, de acordo com procedimentos técnicos de qualidade, segurança e saúde no trabalho. ', 'O aluno deverá: (i) Ter no mínimo 14 anos de idade no início do curso; (ii) Ter completado a 6ª série do Nível Fundamental Escolar. (iii) Ter conhecimentos ou experiências anteriores na área de informática, adquiridos em outros cursos, no trabalho e ou em outros meios informais.', 'ARD', 5),
(14, 'AUTO CAD 2D', 1, 48, '2009-10-16', 'O curso de Aperfeiçoamento Profissional AutoCad 2D tem por objetivo o desenvolvimento de competências relativas à operação do AutoCad em sua plataforma 2D, trabalho e demonstração das diferenças entre as interfaces, sistemas de coordenadas e aplicação de exercícios para diversas áreas de atuação.', 'O aluno deverá: (i) Ter no mínimo 16 anos de idade no início do curso; (ii) Ter concluído o Nível Fundamental; (iii) Comprovar conhecimentos e experiências anteriores referentes à Informática Básica adquiridos em outros cursos, no trabalho ou em outros meios informais.', 'CAD2D', 6),
(15, 'SOLIDWORKS', 0, 80, '2022-12-22', 'O curso de Aperfeiçoamento Profissional Solidworks tem por objetivo o desenvolvimento de competências relativas à elaboração de modelagem em desenhos de projetos e as modificação deles, utilizando ferramentas típicas da área, visando a alteração das características do produto e a melhoria de sua função, de acordo com normas, especificações técnicas e considerando os princípios da qualidade e da produtividade. ', 'O aluno deverá: (i) Ter no mínimo 16 anos de idade no início do curso; (ii) Ter concluído o Nível Fundamental Escolar; (iii) Ter conhecimentos ou experiências anteriores na área de Metalmecânica, adquiridos em outros cursos, no trabalho e ou em outros meios informais.', 'SLDW', 6),
(16, 'Automação de Iluminação com Dispositivos Inteligentes', 1, 40, '2022-04-11', 'O curso de Aperfeiçoamento Profissional de Automação de Iluminação com Dispositivos Inteligentes tem por objetivo o desenvolvimento de competências relativas a instalação e parametrização de dispositivos conectados, integração de tecnologias, configuração e instalaçõe de dispositivos inteligentes por meio de redes sem fio, bem como a aplicação de rele de impulso, controle de iluminação, controle de persianas, execução da configuração dos módulos Bluetooth, gateway WI -FI, de acordo com normas técnicas, ambientais, de qualidade, segurança e saúde no trabalho. ', 'O aluno deverá: (i) Ter no mínimo 18 anos de idade no início do curso. (ii) Ter concluído o Nível Fundamental Escolar. (iii) Ter concluído o curso de Eletricista Instalador, ou cursos nas áreas de eletroeletrônica, ou comprovar conhecimentos ou experiências anteriores na área de eletroeletrônica', 'AIDI', 7),
(17, 'Instalação de Circuito Fechado de TV - CFTV', 0, 32, '2019-09-23', 'O curso de Aperfeiçoamento Profissional de Instalação de Circuito Fechado de TV - CFTV tem por objetivo desenvolver as capacidades para instalação de circuitos fechados de TV configurando equipamentos de captura e gravação conforme o manual do fabricante, seguindo procedimentos e normas técnicas de qualidade, meio ambiente, saúde e segurança no trabalho.', 'O aluno deverá: (i) Ter no mínimo 18 anos de idade no início do curso. (ii) Ter concluído o Nível Fundamental Escolar; (iii) Concluído o curso de qualificação profissional Eletricista Instalador ou equivalente ou comprovar conhecimentos e experiências anteriores a esse aperfeiçoamento.', 'ICFTV', 7),
(18, 'Tecnologia e Aplicações – Sistemas Aeronáuticos', 0, 24, '2021-05-28', 'O curso de Aperfeiçoamento Profissional Tecnologia e Aplicações Sistemas Aeronáuticos tem por objetivo o desenvolvimento de competências relativas aos fundamentos técnicos referentes ao entendimento quanto a organização dos sistemas das aeronaves conforme normalização, aerodinâmica básica, sistemas de aeronaves, instrumentação aeronáutica, sistema gerador motopropulsor e dos sistemas aviônicos, identificação de boas práticas de manutenção normas e procedimentos técnicos, ambientais e de segurança.', 'O aluno deverá: (i) Ter no mínimo 18 anos de idade no início do curso; (ii) Ter concluído o Nível Médio; (iii) Comprovar conhecimentos e experiências anteriores referentes a manutenção, adquiridos em outros cursos, no trabalho ou em outros meios informais.', 'SA', 8),
(19, 'Projetos Luminotécnicos aplicados às Instalações Industriais', 1, 40, '2020-05-26', 'O curso de Aperfeiçoamento Profissional de Projetos Luminotécnicos aplicados às Instalações Industriais tem por objetivo o desenvolvimento de competências relativas à integração das tecnologias para a infraestrutura de sistemas de recarga para eletromobilidade considerando a relação custo benefício da tarifação e do uso da geração distribuída e de sistemas híbridos de armazenamento, também apresentando os equipamentos e acessórios necessários para os sistemas e recarga e a análise técnico-financeira dos projetos em conformidade com a legislação, normas técnicas e segurança no trabalho.', 'O aluno deverá: (i) Ter no mínimo 18 anos de idade no início do curso; (ii) Ter concluído o Nível Médio Escolar; (iii) Concluído o curso de qualificação profissional Eletricista Instalador ou equivalente ou comprovar conhecimentos e experiências anteriores a esse aperfeiçoamento; (iv) Comprovar conhecimentos referentes à Informática Básica adquiridos em outros cursos, no trabalho ou em outros meios informais.', 'PLII', 9),
(20, 'Eletrônica Digital', 0, 80, '28/10/2022', 'O curso de Aperfeiçoamento Profissional de Eletrônica Digital tem por objetivo o desenvolvimento de competências relativas à montagem de circuitos eletrônicos digitais, utilizando instrumentos e ferramentas especificas da área, analisando, interpretando e esboçando diagramas, de acordo com normas e procedimentos de segurança e saúde no trabalho e de proteção ao meio ambiente. ', 'O aluno deverá:\r\n- Ter no mínimo 18 anos de idade no início do curso. \r\n- Ter concluído o Nível Fundamental Escolar.\r\n- Ter concluído o curso de qualificação profissional na área de Eletroeletrônica ou comprovar conhecimentos e experiências anteriores referentes a esse aperfeiçoamento, adquiridos em outros cursos, no trabalho ou em outros meios informais.', 'ED', 5),
(21, 'Instalação de Condicionador de Ar Tipo Split', 0, 40, '25/11/2022', 'O curso de Aperfeiçoamento Profissional de Instalação de Condicionador de Ar tipo Split (High Wall) visa a instalação de condicionadores de ar tipo Split (Hi-Wall) adequando o equipamento com o projeto arquitetônico, seguindo os procedimentos dos fabricantes e normas ambientais e de segurança. ', 'O aluno deverá: \r\n- Ter no mínimo 18 anos de idade no início do curso.\r\n- Ter concluído o Nível Fundamental Escolar.\r\n- Ter concluído o curso de qualificação profissional Mecânico de Manutenção em Aparelhos da Linha Branca ou comprovar conhecimentos e experiências anteriores referentes a essa qualificação, adquiridos em outros cursos, no trabalho ou em outros meios informais.', 'ICAT', 9),
(22, 'Eletrônica Analógica', 0, 80, '21/12/2021', 'O curso de Aperfeiçoamento Profissional de Eletrônica Analógica tem por objetivo o desenvolvimento de competências relativas à execução e montagem de circuitos eletrônicos analógicos, utilizando instrumentos e ferramentas especificas da área, analisando, interpretando e esboçando diagramas, de acordo com normas e procedimentos de segurança e saúde no trabalho e de proteção ao meio ambiente. ', 'O aluno deverá:\r\n- Ter no mínimo 16 anos de idade no início do curso.\r\n- Estar cursando o Nível Médio Escolar a partir da 1ªano.\r\n- Ter concluído curso de qualificação na área eletroeletrônica ou comprovar conhecimentos e experiencias anteriores referentes a essa qualificação, adquiridos em outros cursos, no trabalho ou em outros meios informais', 'EA', 5),
(23, 'Instalação de Cerca Elétrica', 1, 20, '2019-10-08', 'O Curso de Aperfeiçoamento Profissional Instalação de Cerca Elétrica tem por objetivo o desenvolvimento de competências relativas à instalação de sistemas de eletrificadores e cercas elétricas residenciais, prediais e comerciais, por meio da interpretação de manuais de instalação, utilizando equipamentos, ferramentas e instrumentos específicos de acordo seguindo procedimentos e normas técnicas de qualidade, meio ambiente, saúde e segurança no trabalho.', 'O aluno deverá: (i) Ter no mínimo 18 anos de idade no início do curso; (ii) Ter concluído o nível fundamental escolar; (iii) Concluído o curso de qualificação profissional Eletricista Instalador ou equivalente ou comprovar conhecimentos e experiências anteriores a esse aperfeiçoamento.\r\n', 'ICE', 9),
(24, 'Eletricista Instalador Residencial', 1, 160, '2010-04-06', 'O curso de Aperfeiçoamento Profissional de Eletricista Instalador Residencial tem por objetivo o desenvolvimento de competências relativas à execução e manutenção de rede elétrica de baixa tensão em edificações, conforme projetos, normas técnicas vigentes assegurando o desenvolvimento do processo de execução das obras dentro dos prazos, com qualidade, respeito ao meio ambiente, saúde e segurança no trabalho.', 'O aluno deverá: (i) ter no mínimo 18 anos de idade no início do curso; (ii) o aluno deverá ter completado a 4ª série do Nível Fundamental Escolar.', 'EIR', 9),
(25, 'Comandos Elétricos', 0, 120, '11/03/2022', 'O curso de Aperfeiçoamento Profissional de Comandos Elétricos tem por objetivo o desenvolvimento de competências relativas à montagem e manutenção de comandos elétricos de máquinas e equipamentos, interpretando diagramas e esquemas elétricos, utilizando instrumentos, ferramentas e aparelhos de medição de acordo com normas técnicas, ambientais, de qualidade e de segurança e saúde no trabalho.', 'O aluno deverá:\r\n- Ter no mínimo 18 anos de idade no início do curso.\r\n- Ter completado a 6ª série do Nível Fundamental Escolar.\r\n- Ter concluído curso de qualificação na área eletroeletrônica ou comprovar conhecimentos e experiencias anteriores referentes a essa qualificação, adquiridos em outros cursos, no trabalho ou em outros meios informais.', 'CE', 5),
(26, 'Eletricista Instalador', 0, 160, '12/11/2021', 'O curso de Aperfeiçoamento Profissional de Eletricista Instalador tem por objetivo o desenvolvimento de competências relativas à interpretação de circuitos e diagramas elétricos, planta baixa de instalações elétricas prediais e a montagem de infraestrutura básica para instalação elétrica predial, possibilitando a elaboração de croquis, execução e conferência de instalações elétricas prediais, de acordo com normas técnicas, ambientais, de qualidade e de segurança e saúde no trabalho.', 'O aluno deverá:\r\n- Ter no mínimo 18 anos de idade no início do curso.\r\n- Ter completado a 6ª série do Nível Fundamental Escolar.', 'EI', 9),
(27, 'Eletricista Automotivo de Veículos Leves', 0, 160, '06/04/2022', 'O curso de Aperfeiçoamento Profissional de Eletricista Automotivo de Veículos Leves tem por objetivo o desenvolvimento de competências relativas à realização de instalação e manutenção de sistemas de carga, partida, sinalização e iluminação em veículos leves, interpretando esquemas elétricos automotivos e utilizando ferramentas e equipamentos, seguindo normas e procedimentos técnicos, ambientais e de saúde e segurança no trabalho. ', 'O aluno deverá:\r\n- Ter no mínimo 16 anos de idade no início do curso.\r\n- Ter completado a 6ª série do Nível Fundamental Escolar.', 'EAVL', 10),
(28, 'Metrologia Aplicada à Mecânica', 0, 60, '28/02/2019', 'O curso de Aperfeiçoamento Profissional de Metrologia aplicada à Mecânica tem por objetivo o desenvolvimento de competências relativas às medições dimensionais de forma direta e indireta de acordo com desenhos técnicos e especificações de peças e conjuntos mecânicos utilizando instrumentos de medição seguindo normas técnicas, de qualidade, ambientais e de saúde e segurança no trabalho.', 'O aluno deverá:\r\n- Ter no mínimo 14 anos de idade no início do curso.\r\n- Ter concluído o Nível Fundamental Escolar.\r\n- Comprovar conhecimentos ou experiências anteriores referentes à Leitura e Interpretação de Desenho Técnico Mecânico.', 'MAM', 11),
(29, 'Leitura e Interpretação de Desenho Técnico Mecânico', 0, 60, '17/12/2019', 'O curso de Aperfeiçoamento Profissional de Leitura e Interpretação de Desenho Técnico Mecânico tem por objetivo o desenvolvimento de competências relativas à leitura e interpretação de desenhos técnicos de peças e conjuntos mecânicos seguindo normas técnicas, saúde e segurança no trabalho. ', 'O aluno deverá:\r\n- Ter no mínimo 14 anos de idade no início do curso.\r\n- Ter concluído o Nível Fundamental Escolar.\r\n- Ter conhecimentos de figuras geométricas.', 'LIDTM', 6),
(30, 'Mecânico de Suspensão,  Direção e Freios de Veículos Leves', 0, 160, '1970-01-01', 'O curso de Aperfeiçoamento Profissional de Mecânico de Suspensão, Direção e Freios de Veículos Leves tem por objetivo o desenvolvimento de competências relativas à realização de manutenção em sistemas de suspensão, direção e freios de veículos leves, diagnosticando e reparando defeitos, utilizando ferramentas e equipamentos, seguindo normas e procedimentos técnicos, ambientais e de saúde e segurança no trabalho.', 'O aluno deverá:\r\n- Ter no mínimo 16 anos de idade no início do curso.\r\n- Ter completado a 6ª série do Nível Fundamental Escolar.\r\n', 'MSDFVL', 10),
(31, 'Mecânico de Motor Ciclo Otto', 0, 160, '14/07/2022', 'O curso de Aperfeiçoamento Profissional de Mecânico de Motor Ciclo Otto tem por objetivo o desenvolvimento de competências relativas à realização de manutenção em motores ciclo Otto, diagnosticando e corrigindo defeitos, seguindo normas e procedimentos técnicos, ambientais e de saúde e segurança no trabalho.', 'O aluno deverá:\r\n- Ter no mínimo 16 anos de idade no início do curso.\r\n- Estar cursando o Nível Fundamental Escolar a partir da 6ª série.\r\n', 'MMCO', 10),
(32, 'Operador de Máquinas de Usinagem Convencionais', 0, 220, '13/12/2018', 'O curso de Aperfeiçoamento Profissional de Operador de Máquinas de Usinagem Convencionais tem por objetivo o desenvolvimento de competências relativas ao manuseio de máquinas-ferramenta convencionais e de ferramentas manuais,  montando conjuntos mecânicos e fazendo o controle de medidas das peças usinadas de acordo com normas técnicas, ambientais e de saúde e segurança no trabalho.', 'O aluno deverá: \r\n- Ter no mínimo 16 anos de idade no início do curso. \r\n- Ter completado a 4ª série do Nível Fundamental Escolar.', 'OMUC', 6),
(33, 'Programação de Torno CNC', 0, 48, '1970-01-01', 'O curso de Aperfeiçoamento Profissional de Programação de Torno CNC tem por objetivo o desenvolvimento de competências relativas à programação de torno CNC selecionando estratégias adequadas para usinagem de peças, seguindo procedimentos, normas técnicas, ambientais, de saúde e segurança no trabalho.', 'O aluno deverá:\r\n- Ter no mínimo 16 anos de idade no início do curso.\r\n- Ter concluído o Nível Fundamental Escolar.\r\n- Ter concluído o curso de qualificação profissional Operador de Torno CNC ou comprovar conhecimentos ou experiências anteriores referentes a essa qualificação, adquiridos em outros cursos, no trabalho ou em outros meios informais.', 'PTCNC', 6),
(34, 'Programação de Centro de Usinagem CNC', 0, 48, '2021-12-23', 'O o curso de Programação de Centro de Usinagem CNC tem por objetivo o desenvolvimento de competências relativas à programação centro de usinagem CNC selecionando estratégias adequadas para usinagem de peças, seguindo procedimentos, normas técnicas, ambientais, de saúde e segurança no trabalho.', 'O aluno deverá:\r\n- Ter no mínimo 16 anos de idade no início do curso.\r\n- Ter concluído o Nível Fundamental Escolar.\r\n- Ter concluído o curso de qualificação profissional Operador de Centro de Usinagem CNC ou comprovar conhecimentos ou experiências anteriores referentes a essa qualificação, adquiridos em outros cursos, no trabalho ou em outros meios informais.', 'PCUCNC', 6),
(35, 'Programação, Preparação e Operação de Torno CNC', 0, 100, '2019-02-28', 'O curso de Aperfeiçoamento Profissional em Programação, Preparação e Operação de Torno CNC tem por objetivo o desenvolvimento de competências relativas à operação, preparação e programação Torno a CNC selecionando estratégias adequadas para usinagem de peças, seguindo procedimentos, normas técnicas, ambientais, de saúde e segurança no trabalho.', 'O aluno deverá:\r\n- Ter no mínimo 16 anos de idade no início do curso.\r\n- Ter concluído o Nível Fundamental Escolar.\r\n- Comprovar conhecimentos em operações de torno mecânico, desenho técnico mecânico e controle dimensional.', 'PPOTCNC', 6),
(36, 'Programação, Preparação e Operação de Centro de Usinagem CNC', 0, 100, '2019-02-28', 'O curso de Aperfeiçoamento Profissional em Programação, Preparação e Operação de Centro de Usinagem CNC tem por objetivo o desenvolvimento de competências para operar, preparar e programar Centro de Usinagem a CNC selecionando estratégias adequadas para usinagem de peças, seguindo procedimentos, normas técnicas, ambientais, de saúde e segurança no trabalho. ', 'O aluno deverá:\r\n- Ter no mínimo 16 anos de idade no início do curso.\r\n- Ter concluído o Nível Fundamental Escolar\r\n- Comprovar conhecimentos em operações de fresadora, desenho técnico e controle dimensional.', 'PPOCUCNC', 6),
(37, 'Soldador ao Arco Elétrico e Oxigás', 0, 168, '2015-11-30', 'O curso de Aperfeiçoamento Profissional de Soldador ao Arco Elétrico e Oxigás tem por objetivo o desenvolvimento de competências relativas ao corte, preparo de material, soldagem pelos processos arco elétrico (eletrodo revestido, MAG, TIG) e oxigás e controle da qualidade do cordão de solda na posição plana para confecção e recuperação de equipamentos, máquinas, estruturas metálicas e ferramentas, utilizando materiais em aço carbono, montando e preparando o equipamento de soldagem e de acordo legislação pertinente, procedimentos e normas técnicas, de qualidade, preservação ambiental, saúde e segurança no trabalho.', 'O aluno deverá:\r\n- Ter no mínimo 18 anos de idade no início do curso.\r\n- Ter completado a 6ª série do Nível Fundamental Escolar.', 'SAEOG', 7),
(38, 'NR-11 - Operação de Empilhadeira', 0, 32, '2014-05-13', 'O curso de Aperfeiçoamento Profissional de NR-11 - Operação de Empilhadeira tem por objetivo o desenvolvimento de competências relativas às operações em empilhadeira seguindo procedimentos, normas e legislações técnicas, de saúde, segurança no trabalho e meio ambiente. \r\n', 'O aluno deverá:\r\n- Ter no mínimo 18 anos de idade no início do curso.\r\n- Ter completado a 4ª série do Nível Fundamental Escolar.\r\n- Possuir CNH em uma das categorias: B, C, D ou E.', 'NR11OE', 13),
(39, 'NR 11 - Operação de Empilhadeira Elétrica Retrátil', 1, 24, '2020-01-28', 'O curso de Aperfeiçoamento Profissional de NR 11 - Operação de Empilhadeira Elétrica Retrátil tem por objetivo o desenvolvimento de competências relativas à operação de empilhadeira elétrica retrátil seguindo as normas e legislações técnicas, de saúde, segurança no trabalho e meio ambiente.', 'O aluno deverá:\r\n- Ter no mínimo 18 anos de idade no início do curso.\r\n- Ter completado a 4ª série do Nível Fundamental Escolar.\r\n- Possuir CNH em uma das categorias: B, C, D ou E.', 'NR11OEER', 13),
(40, 'Programação Java', 1, 120, '2020-01-01', 'Introdução à Linguagem; Descrição das características da Linguagem; Descrição das ferramentas de programação; Instalação do Kit de Desenvolvimento (compilador, interpretados) e configuração do ambiente de trabalho (Variáveis ambiente do sistema operacional); Demonstração e uso dos mecanismos de compilação e execução de programas; Definição dos tipos primitivos existentes na linguagem; Declaração de variáveis e constantes, Definição dos operadores lógicos e relacionais; Descrição do processo de conversão entre tipos de dados; Lógica Aplicada a Linguagem Java; Escopo de um Bloco; Instruções Condicionais e seleções múltiplas; Laços Determinados, Indeterminados e Quebra de laços; Matrizes unidimensionais e multidimensionais; Tratamento de exceções', 'O aluno deverá, no início do curso, ter no mínimo 16 anos de idade. \r\nO aluno deverá ter concluído o Nível Fundamental.\r\nComprovar conhecimentos e experiências anteriores referentes à Informática Básica adquiridos em outros cursos, no trabalho ou em outros meios informais.', 'PRGJV', 3),
(41, 'Programação Oracle - Java Foundations', 1, 80, '2020-01-01', 'Realiza a codificação de softwares utilizando linguagem de programação Java, seguindo procedimentos e normas técnicas de qualidade.', 'O aluno deverá, no início do curso, ter no mínimo 16 anos de idade. \r\nO aluno deverá ter concluído o Nível Fundamental.\r\nTer conhecimento básico em linguagem de programação Java ou ter concluído o curso Programação Oracle - Java Fundamentals', 'POJF', 3),
(42, 'Yellow Belt em Lean Seis Sigma', 0, 40, '2018-03-01', 'O aluno deverá, no início do curso, ter no mínimo 16 anos de idade. \r\nO aluno deverá ter completado a 8ª série do Nível Fundamental.', 'Yellow Belt em Lean Seis Sigma tem por objetivo o desenvolvimento de competências relativas à realização projetos de baixa complexidade que não dependam de interações com outros processos e departamentos da empresa, utilizando metodologia de melhoria contínua e seguindo procedimentos de trabalho e normas da qualidade, saúde, segurança e meio ambiente.', 'YBLSS', 1),
(43, 'Soluções Integradas com IoT', 1, 40, '2019-01-03', '', 'Noções de programação', 'SIOT', 7),
(44, 'Automação Residencial - Tecnologia e Aplicações de Dispositivos de Segurança e Conforto', 0, 56, '2022-04-12', 'Automação Residencial -Tecnologia e Aplicações de Dispositivos de Segurança e Conforto tem por objetivo desenvolver competências relacionadas as aplicações de tecnologias utilizando dispositivos de segurança e conforto específicos para automação residencial, central de alarme e cerca elétrica, câmeras IP, acionamento e controle de persianas e iluminação e integração com assistente virtual. Instalação e configuração de acordo com normas técnicas, ambientais, de qualidade e de segurança e saúde no trabalho. ', 'O aluno deverá, no início do curso, ter no mínimo 18 anos de idade. \r\nO aluno deverá ter concluído o Nível Fundamental.', 'AR', 7),
(45, 'Automação Pneumática Industrial', 0, 60, '2009-11-03', 'Automação Pneumática Industrial tem por objetivo o desenvolvimento de conhecimentos e habilidades básicas referentes aos componentes Pneumáticos utilizados em máquinas, equipamentos e dispositivos.', 'O aluno deverá, no início do curso, ter no mínimo 16 anos de idade. \r\nO aluno deverá ter concluído o Nível Fundamental.', 'API', 7);

-- --------------------------------------------------------

--
-- Table structure for table `datasletivas`
--

CREATE TABLE `datasletivas` (
  `idDatasLetivas` int(11) NOT NULL,
  `dataLetiva` date DEFAULT NULL,
  `tipoData` varchar(50) DEFAULT NULL,
  `descricao` text DEFAULT NULL,
  `idCalendarioAcademico` int(11) DEFAULT NULL
) ENGINE=InnoDB DEFAULT CHARSET=utf8mb4;

-- --------------------------------------------------------

--
-- Table structure for table `docente`
--

CREATE TABLE `docente` (
  `nif` int(11) NOT NULL,
  `NomeCompleto` varchar(100) DEFAULT NULL,
  `areaDeAtuacao` varchar(50) DEFAULT NULL,
  `tipoDeContratacao` varchar(20) DEFAULT NULL,
  `cargaHoraria` int(11) DEFAULT NULL,
  `inicioDaJornada` time DEFAULT NULL,
  `fimDaJornada` time DEFAULT NULL
) ENGINE=InnoDB DEFAULT CHARSET=utf8mb4;

--
-- Dumping data for table `docente`
--

INSERT INTO `docente` (`nif`, `NomeCompleto`, `areaDeAtuacao`, `tipoDeContratacao`, `cargaHoraria`, `inicioDaJornada`, `fimDaJornada`) VALUES
(1, 'Luiz Alessandro Garcia', 'TI', 'integral', 200, '13:00:00', '22:00:00'),
(2, 'Andre Willian Carreira', 'Mecânica', 'horista', 20, '13:00:00', '22:00:00'),
(3, 'Cintia de Jesus Nieves Gomes', 'Gestão', 'Horista', 20, '13:00:00', '22:00:00'),
(4, 'Fabiana Comandini', 'TI', 'Integral', 40, '00:00:13', '22:00:00'),
(5, 'Francisco de Azara', 'Mecânica', 'Horista', 20, '13:00:00', '22:00:00'),
(6, 'Luciano Trevisan', 'Mecatrônica', 'Integral', 40, '13:00:00', '22:00:00'),
(7, 'Maicon Rodrigues Dos Reis', 'Mecânica', 'Integral', 40, '13:00:00', '22:00:00'),
(8, 'Francisco Egidio Messias', 'Mecânica', 'Integral', 40, '13:00:00', '22:00:00'),
(9, 'Werley Godinho Vieira', 'Mecânica', 'Integral', 40, '13:00:00', '22:00:00'),
(10, 'Reginaldo Luis Chalch', 'Segurança', 'Integral', 40, '13:00:00', '22:00:00'),
(11, 'Vinicius dos Santos', 'Tecnologia da Informação', 'Integral', 200, '13:00:00', '22:00:00'),
(12, 'Leandro Paulo Morasco', 'mudar', 'mudar', 200, '00:00:13', '22:00:00'),
(13, 'Marcelo de Jesus Perruci', 'mudar', 'mudar', 40, '13:00:00', '22:00:00'),
(14, 'Matheus Michilino de Oliveira', 'mudar', 'mudar', 40, '13:00:00', '22:00:00'),
(15, 'Jose Roberto Stanganini', 'mudar', 'mudar', 40, '13:00:00', '22:00:00'),
(16, 'Tiago Matheus Nordi', 'mudar', 'mudar', 40, '13:00:00', '22:00:00'),
(17, 'Rafael de Sena Selvagio', 'mudar', 'mudar', 40, '13:00:00', '22:00:00'),
(18, 'Moises Jose Dos Santos', 'mudar', 'mudar', 10, '10:10:00', '10:10:00'),
(19, 'Osvaldo', 'Soldagem', 'Horista', 100, '18:00:00', '22:00:00');

-- --------------------------------------------------------

--
-- Table structure for table `encontro`
--

CREATE TABLE `encontro` (
  `idEncontro` int(11) NOT NULL,
  `dataDoEncontro` date DEFAULT NULL,
  `inicio` time DEFAULT NULL,
  `termino` time DEFAULT NULL,
  `idTurma` int(11) DEFAULT NULL,
  `idAmbiente` int(11) DEFAULT NULL
) ENGINE=InnoDB DEFAULT CHARSET=utf8mb4;

--
-- Dumping data for table `encontro`
--

INSERT INTO `encontro` (`idEncontro`, `dataDoEncontro`, `inicio`, `termino`, `idTurma`, `idAmbiente`) VALUES
(25, '2023-09-25', '19:00:00', '22:00:00', 2, 25),
(26, '2023-09-27', '19:00:00', '22:00:00', 2, 25),
(27, '2023-10-02', '19:00:00', '22:00:00', 2, 25),
(28, '2023-10-04', '19:00:00', '22:00:00', 2, 25),
(29, '2023-10-09', '19:00:00', '22:00:00', 2, 25),
(30, '2023-10-11', '19:00:00', '22:00:00', 2, 25),
(31, '2023-10-16', '19:00:00', '22:00:00', 2, 25),
(32, '2023-10-18', '19:00:00', '22:00:00', 2, 25),
(33, '2023-10-23', '19:00:00', '22:00:00', 2, 25),
(34, '2023-10-25', '19:00:00', '22:00:00', 2, 25),
(35, '2023-10-30', '19:00:00', '22:00:00', 2, 25),
(36, '2023-11-01', '19:00:00', '22:00:00', 2, 25),
(37, '2023-11-06', '19:00:00', '22:00:00', 2, 25),
(38, '2023-11-08', '19:00:00', '22:00:00', 2, 25),
(39, '2023-08-07', '19:00:00', '22:00:00', 3, 25),
(40, '2023-08-09', '19:00:00', '22:00:00', 3, 25),
(41, '2023-08-16', '19:00:00', '22:00:00', 3, 25),
(42, '2023-08-21', '19:00:00', '22:00:00', 3, 25),
(43, '2023-08-23', '19:00:00', '22:00:00', 3, 25),
(44, '2023-08-28', '19:00:00', '22:00:00', 3, 25),
(45, '2023-08-30', '19:00:00', '22:00:00', 3, 25),
(46, '2023-09-04', '19:00:00', '22:00:00', 3, 25),
(47, '2023-02-04', '08:00:00', '14:00:00', 4, 21),
(48, '2023-02-11', '08:00:00', '14:00:00', 4, 21),
(49, '2023-02-18', '08:00:00', '14:00:00', 4, 21),
(50, '2023-02-25', '08:00:00', '14:00:00', 4, 21),
(51, '2023-03-04', '08:00:00', '14:00:00', 4, 21),
(52, '2023-03-11', '08:00:00', '14:00:00', 4, 21),
(53, '2023-03-18', '08:00:00', '14:00:00', 4, 21),
(54, '2023-03-25', '08:00:00', '14:00:00', 4, 21),
(55, '2023-04-01', '08:00:00', '14:00:00', 4, 21),
(56, '2023-04-08', '08:00:00', '14:00:00', 4, 21),
(57, '2023-04-15', '08:00:00', '14:00:00', 4, 21),
(58, '2023-04-22', '08:00:00', '14:00:00', 4, 21),
(59, '2023-04-29', '08:00:00', '14:00:00', 4, 21),
(60, '2023-05-06', '08:00:00', '14:00:00', 4, 21),
(61, '2023-05-13', '08:00:00', '14:00:00', 4, 21),
(62, '2023-05-20', '08:00:00', '14:00:00', 4, 21),
(63, '2023-05-27', '08:00:00', '14:00:00', 4, 21),
(64, '2023-06-03', '08:00:00', '14:00:00', 4, 21),
(65, '2023-06-10', '08:00:00', '14:00:00', 4, 21),
(66, '2023-06-17', '08:00:00', '14:00:00', 4, 21),
(67, '2023-06-24', '08:00:00', '14:00:00', 4, 21),
(68, '2023-07-01', '08:00:00', '14:00:00', 4, 21),
(69, '2023-07-08', '08:00:00', '14:00:00', 4, 21),
(70, '2023-07-15', '08:00:00', '14:00:00', 4, 21),
(71, '2023-07-22', '08:00:00', '14:00:00', 4, 21),
(72, '2023-07-29', '08:00:00', '14:00:00', 4, 21),
(73, '2023-08-05', '08:00:00', '14:00:00', 4, 21),
(74, '2023-08-12', '08:00:00', '14:00:00', 4, 21),
(75, '2023-08-19', '08:00:00', '14:00:00', 4, 21),
(76, '2023-08-26', '08:00:00', '14:00:00', 4, 21),
(77, '2023-09-02', '08:00:00', '14:00:00', 4, 21),
(78, '2023-09-09', '08:00:00', '14:00:00', 4, 21),
(79, '2023-09-16', '08:00:00', '14:00:00', 4, 21),
(80, '2023-09-23', '08:00:00', '14:00:00', 4, 21),
(81, '2023-09-30', '08:00:00', '14:00:00', 4, 21),
(82, '2023-10-07', '08:00:00', '14:00:00', 4, 21),
(83, '2023-10-14', '08:00:00', '14:00:00', 4, 21),
(84, '2023-10-21', '08:00:00', '14:00:00', 4, 21),
(85, '2023-10-28', '08:00:00', '14:00:00', 4, 21),
(86, '2023-11-04', '08:00:00', '14:00:00', 4, 21),
(87, '2023-11-11', '08:00:00', '14:00:00', 4, 21),
(88, '2023-06-19', '19:00:00', '22:00:00', 5, 21),
(89, '2023-06-21', '19:00:00', '22:00:00', 5, 21),
(90, '2023-06-26', '19:00:00', '22:00:00', 5, 21),
(91, '2023-06-28', '19:00:00', '22:00:00', 5, 21),
(92, '2023-07-03', '19:00:00', '22:00:00', 5, 21),
(93, '2023-07-05', '19:00:00', '22:00:00', 5, 21),
(94, '2023-07-10', '19:00:00', '22:00:00', 5, 21),
(95, '2023-07-12', '19:00:00', '22:00:00', 5, 21),
(96, '2023-07-17', '19:00:00', '22:00:00', 5, 21),
(97, '2023-07-19', '19:00:00', '22:00:00', 5, 21),
(98, '2023-07-24', '19:00:00', '22:00:00', 5, 21),
(99, '2023-07-26', '19:00:00', '22:00:00', 5, 21),
(100, '2023-07-31', '19:00:00', '22:00:00', 5, 21),
(101, '2023-08-02', '19:00:00', '22:00:00', 5, 21),
(102, '2023-08-07', '19:00:00', '22:00:00', 5, 21),
(103, '2023-08-09', '19:00:00', '22:00:00', 5, 21),
(104, '2023-08-14', '19:00:00', '22:00:00', 5, 21),
(105, '2023-08-16', '19:00:00', '22:00:00', 5, 21),
(106, '2023-08-21', '19:00:00', '22:00:00', 5, 21),
(107, '2023-08-23', '19:00:00', '22:00:00', 5, 21),
(108, '2023-08-28', '19:00:00', '22:00:00', 5, 21),
(109, '2023-08-30', '19:00:00', '22:00:00', 5, 21),
(110, '2023-09-04', '19:00:00', '22:00:00', 5, 21),
(111, '2023-09-06', '19:00:00', '22:00:00', 5, 21),
(112, '2023-09-11', '19:00:00', '22:00:00', 5, 21),
(113, '2023-09-13', '19:00:00', '22:00:00', 5, 21),
(114, '2023-09-18', '19:00:00', '22:00:00', 5, 21),
(115, '2023-09-20', '19:00:00', '22:00:00', 5, 21),
(116, '2023-09-25', '19:00:00', '22:00:00', 5, 21),
(117, '2023-09-27', '19:00:00', '22:00:00', 5, 21),
(118, '2023-10-02', '19:00:00', '22:00:00', 5, 21),
(119, '2023-10-04', '19:00:00', '22:00:00', 5, 21),
(120, '2023-10-09', '19:00:00', '22:00:00', 5, 21),
(121, '2023-10-11', '19:00:00', '22:00:00', 5, 21),
(122, '2023-10-16', '19:00:00', '22:00:00', 5, 21),
(123, '2023-10-18', '19:00:00', '22:00:00', 5, 21),
(124, '2023-10-23', '19:00:00', '22:00:00', 5, 21),
(125, '2023-10-25', '19:00:00', '22:00:00', 5, 21),
(126, '2023-10-30', '19:00:00', '22:00:00', 5, 21),
(127, '2023-11-01', '19:00:00', '22:00:00', 5, 21),
(128, '2023-11-06', '19:00:00', '22:00:00', 5, 21),
(129, '2023-11-08', '19:00:00', '22:00:00', 5, 21),
(130, '2023-11-13', '19:00:00', '22:00:00', 5, 21),
(131, '2023-11-15', '19:00:00', '22:00:00', 5, 21),
(132, '2023-11-20', '19:00:00', '22:00:00', 5, 21),
(133, '2023-11-22', '19:00:00', '22:00:00', 5, 21),
(134, '2023-11-27', '19:00:00', '22:00:00', 5, 21),
(135, '2023-11-29', '19:00:00', '22:00:00', 5, 21),
(136, '2023-12-04', '19:00:00', '22:00:00', 5, 21),
(137, '2023-12-06', '19:00:00', '22:00:00', 5, 21),
(138, '2023-12-11', '19:00:00', '22:00:00', 5, 21),
(139, '2023-12-13', '19:00:00', '22:00:00', 5, 21),
(140, '2023-12-18', '19:00:00', '22:00:00', 5, 21),
(141, '2023-12-20', '19:00:00', '22:00:00', 5, 21),
(142, '2023-12-25', '19:00:00', '22:00:00', 5, 21),
(143, '2023-12-27', '19:00:00', '22:00:00', 5, 21),
(144, '2024-01-01', '19:00:00', '22:00:00', 5, 21),
(145, '2024-01-03', '19:00:00', '22:00:00', 5, 21),
(146, '2024-01-08', '19:00:00', '22:00:00', 5, 21),
(147, '2024-01-10', '19:00:00', '22:00:00', 5, 21),
(148, '2024-01-15', '19:00:00', '22:00:00', 5, 21),
(149, '2024-01-17', '19:00:00', '22:00:00', 5, 21),
(150, '2024-01-22', '19:00:00', '22:00:00', 5, 21),
(151, '2024-01-24', '19:00:00', '22:00:00', 5, 21),
(152, '2024-01-29', '19:00:00', '22:00:00', 5, 21),
(153, '2024-01-31', '19:00:00', '22:00:00', 5, 21),
(154, '2024-02-05', '19:00:00', '22:00:00', 5, 21),
(155, '2024-02-07', '19:00:00', '22:00:00', 5, 21),
(156, '2024-02-12', '19:00:00', '22:00:00', 5, 21),
(157, '2024-02-14', '19:00:00', '22:00:00', 5, 21),
(158, '2024-02-19', '19:00:00', '22:00:00', 5, 21),
(159, '2024-02-21', '19:00:00', '22:00:00', 5, 21),
(160, '2024-02-26', '19:00:00', '22:00:00', 5, 21),
(161, '2024-02-28', '19:00:00', '22:00:00', 5, 21),
(162, '2024-03-04', '19:00:00', '22:00:00', 5, 21),
(163, '2024-03-06', '19:00:00', '22:00:00', 5, 21),
(164, '2024-03-11', '19:00:00', '22:00:00', 5, 21),
(165, '2024-03-13', '19:00:00', '22:00:00', 5, 21),
(166, '2024-03-18', '19:00:00', '22:00:00', 5, 21),
(167, '2024-03-20', '19:00:00', '22:00:00', 5, 21),
(168, '2024-03-25', '19:00:00', '22:00:00', 5, 21),
(169, '2024-03-27', '19:00:00', '22:00:00', 5, 21),
(170, '2023-06-20', '19:00:00', '22:00:00', 6, 8),
(171, '2023-06-22', '19:00:00', '22:00:00', 6, 8),
(172, '2023-06-27', '19:00:00', '22:00:00', 6, 8),
(173, '2023-06-29', '19:00:00', '22:00:00', 6, 8),
(174, '2023-07-04', '19:00:00', '22:00:00', 6, 8),
(175, '2023-07-06', '19:00:00', '22:00:00', 6, 8),
(176, '2023-07-11', '19:00:00', '22:00:00', 6, 8),
(177, '2023-07-13', '19:00:00', '22:00:00', 6, 8),
(178, '2023-07-18', '19:00:00', '22:00:00', 6, 8),
(179, '2023-07-20', '19:00:00', '22:00:00', 6, 8),
(180, '2023-07-25', '19:00:00', '22:00:00', 6, 8),
(181, '2023-07-27', '19:00:00', '22:00:00', 6, 8),
(182, '2023-08-01', '19:00:00', '22:00:00', 6, 8),
(183, '2023-08-03', '19:00:00', '22:00:00', 6, 8),
(184, '2023-08-08', '19:00:00', '22:00:00', 6, 8),
(185, '2023-08-10', '19:00:00', '22:00:00', 6, 8),
(186, '2023-08-15', '19:00:00', '22:00:00', 6, 8),
(187, '2023-08-17', '19:00:00', '22:00:00', 6, 8),
(188, '2023-08-22', '19:00:00', '22:00:00', 6, 8),
(189, '2023-08-24', '19:00:00', '22:00:00', 6, 8),
(190, '2023-08-29', '19:00:00', '22:00:00', 6, 8),
(191, '2023-08-31', '19:00:00', '22:00:00', 6, 8),
(192, '2023-09-05', '19:00:00', '22:00:00', 6, 8),
(193, '2023-09-07', '19:00:00', '22:00:00', 6, 8),
(194, '2023-09-12', '19:00:00', '22:00:00', 6, 8),
(195, '2023-09-14', '19:00:00', '22:00:00', 6, 8),
(196, '2023-09-19', '19:00:00', '22:00:00', 6, 8),
(197, '2023-09-21', '19:00:00', '22:00:00', 6, 8),
(198, '2023-09-26', '19:00:00', '22:00:00', 6, 8),
(199, '2023-09-28', '19:00:00', '22:00:00', 6, 8),
(200, '2023-10-03', '19:00:00', '22:00:00', 6, 8),
(201, '2023-10-05', '19:00:00', '22:00:00', 6, 8),
(202, '2023-10-10', '19:00:00', '22:00:00', 6, 8),
(203, '2023-10-12', '19:00:00', '22:00:00', 6, 8),
(204, '2023-10-17', '19:00:00', '22:00:00', 6, 8),
(205, '2023-10-19', '19:00:00', '22:00:00', 6, 8),
(206, '2023-10-24', '19:00:00', '22:00:00', 6, 8),
(207, '2023-10-26', '19:00:00', '22:00:00', 6, 8),
(208, '2023-07-29', '08:00:00', '12:00:00', 7, 28),
(209, '2023-08-05', '08:00:00', '12:00:00', 7, 28),
(210, '2023-08-12', '08:00:00', '12:00:00', 7, 28),
(211, '2023-08-19', '08:00:00', '12:00:00', 7, 28),
(212, '2023-08-26', '08:00:00', '12:00:00', 7, 28),
(213, '2023-09-02', '08:00:00', '12:00:00', 7, 28),
(214, '2023-09-09', '08:00:00', '12:00:00', 7, 28),
(215, '2023-09-16', '08:00:00', '12:00:00', 7, 28),
(216, '2023-09-23', '08:00:00', '12:00:00', 7, 28),
(217, '2023-09-30', '08:00:00', '12:00:00', 7, 28),
(218, '2023-07-26', '19:00:00', '22:00:00', 8, 28),
(219, '2023-07-31', '19:00:00', '22:00:00', 8, 28),
(220, '2023-08-02', '19:00:00', '22:00:00', 8, 28),
(221, '2023-08-07', '19:00:00', '22:00:00', 8, 28),
(222, '2023-08-09', '19:00:00', '22:00:00', 8, 28),
(223, '2023-08-14', '19:00:00', '22:00:00', 8, 28),
(224, '2023-08-16', '19:00:00', '22:00:00', 8, 28),
(225, '2023-08-21', '19:00:00', '22:00:00', 8, 28),
(226, '2023-08-23', '19:00:00', '22:00:00', 8, 28),
(227, '2023-08-28', '19:00:00', '22:00:00', 8, 28),
(228, '2023-08-30', '19:00:00', '22:00:00', 8, 28),
(229, '2023-09-04', '19:00:00', '22:00:00', 8, 28),
(230, '2023-09-06', '19:00:00', '22:00:00', 8, 28),
(231, '2023-09-11', '19:00:00', '22:00:00', 8, 28),
(232, '2023-09-13', '19:00:00', '22:00:00', 8, 28),
(233, '2023-07-25', '19:00:00', '22:00:00', 9, 28),
(234, '2023-07-27', '19:00:00', '22:00:00', 9, 28),
(235, '2023-08-01', '19:00:00', '22:00:00', 9, 28),
(236, '2023-08-03', '19:00:00', '22:00:00', 9, 28),
(237, '2023-08-08', '19:00:00', '22:00:00', 9, 28),
(238, '2023-08-10', '19:00:00', '22:00:00', 9, 28),
(239, '2023-08-15', '19:00:00', '22:00:00', 9, 28),
(240, '2023-08-17', '19:00:00', '22:00:00', 9, 28),
(241, '2023-08-22', '19:00:00', '22:00:00', 9, 28),
(242, '2023-08-24', '19:00:00', '22:00:00', 9, 28),
(243, '2023-08-29', '19:00:00', '22:00:00', 9, 28),
(244, '2023-08-31', '19:00:00', '22:00:00', 9, 28),
(245, '2023-09-05', '19:00:00', '22:00:00', 9, 28),
(246, '2023-09-07', '19:00:00', '22:00:00', 9, 28),
(247, '2023-09-12', '19:00:00', '22:00:00', 9, 28),
(248, '2023-09-14', '19:00:00', '22:00:00', 9, 28),
(249, '2023-07-22', '08:00:00', '12:00:00', 24, 26),
(250, '2023-07-29', '08:00:00', '12:00:00', 24, 26),
(251, '2023-08-05', '08:00:00', '12:00:00', 24, 26),
(252, '2023-08-12', '08:00:00', '12:00:00', 24, 26),
(253, '2023-08-19', '08:00:00', '12:00:00', 24, 26),
(254, '2023-08-26', '08:00:00', '12:00:00', 24, 26),
(255, '2023-09-02', '08:00:00', '12:00:00', 24, 26),
(256, '2023-09-09', '08:00:00', '12:00:00', 24, 26),
(257, '2023-09-16', '08:00:00', '12:00:00', 24, 26),
(258, '2023-09-23', '08:00:00', '12:00:00', 24, 26),
(259, '2023-09-30', '08:00:00', '12:00:00', 25, 36),
(260, '2023-10-07', '08:00:00', '12:00:00', 25, 36),
(261, '2023-10-14', '08:00:00', '12:00:00', 25, 36),
(262, '2023-10-21', '08:00:00', '12:00:00', 25, 36),
(263, '2023-10-28', '08:00:00', '12:00:00', 25, 36),
(264, '2023-11-04', '08:00:00', '12:00:00', 25, 36),
(265, '2023-11-11', '08:00:00', '12:00:00', 25, 36),
(266, '2023-11-18', '08:00:00', '12:00:00', 25, 36),
(267, '2023-11-25', '08:00:00', '12:00:00', 25, 36),
(268, '2023-12-02', '08:00:00', '12:00:00', 25, 36),
(269, '2023-12-09', '08:00:00', '12:00:00', 25, 36),
(270, '2023-09-04', '13:30:00', '17:30:00', 26, 26),
(271, '2023-09-06', '13:30:00', '17:30:00', 26, 26),
(272, '2023-09-11', '13:30:00', '17:30:00', 26, 26),
(273, '2023-09-13', '13:30:00', '17:30:00', 26, 26),
(274, '2023-09-18', '13:30:00', '17:30:00', 26, 26),
(275, '2023-09-20', '13:30:00', '17:30:00', 26, 26),
(276, '2023-09-25', '13:30:00', '17:30:00', 26, 26),
(277, '2023-09-27', '13:30:00', '17:30:00', 26, 26),
(278, '2023-10-02', '13:30:00', '17:30:00', 26, 26),
(279, '2023-10-04', '13:30:00', '17:30:00', 26, 26),
(280, '2023-09-05', '19:00:00', '22:00:00', 27, 26),
(281, '2023-09-06', '19:00:00', '22:00:00', 27, 26),
(282, '2023-09-12', '19:00:00', '22:00:00', 27, 26),
(283, '2023-09-13', '19:00:00', '22:00:00', 27, 26),
(284, '2023-09-19', '19:00:00', '22:00:00', 27, 26),
(285, '2023-09-20', '19:00:00', '22:00:00', 27, 26),
(286, '2023-09-26', '19:00:00', '22:00:00', 27, 26),
(287, '2023-09-27', '19:00:00', '22:00:00', 27, 26),
(288, '2023-10-03', '19:00:00', '22:00:00', 27, 26),
(289, '2023-10-04', '19:00:00', '22:00:00', 27, 26),
(290, '2023-10-10', '19:00:00', '22:00:00', 27, 26),
(291, '2023-10-11', '19:00:00', '22:00:00', 27, 26),
(292, '2023-10-17', '19:00:00', '22:00:00', 27, 26),
(293, '2023-10-18', '19:00:00', '22:00:00', 27, 26),
(294, '2023-09-18', '19:00:00', '22:00:00', 28, 26),
(295, '2023-09-21', '19:00:00', '22:00:00', 28, 26),
(296, '2023-09-25', '19:00:00', '22:00:00', 28, 26),
(297, '2023-09-28', '19:00:00', '22:00:00', 28, 26),
(298, '2023-10-02', '19:00:00', '22:00:00', 28, 26),
(299, '2023-10-05', '19:00:00', '22:00:00', 28, 26),
(300, '2023-10-09', '19:00:00', '22:00:00', 28, 26),
(301, '2023-10-12', '19:00:00', '22:00:00', 28, 26),
(302, '2023-10-16', '19:00:00', '22:00:00', 28, 26),
(303, '2023-10-19', '19:00:00', '22:00:00', 28, 26),
(304, '2023-10-23', '19:00:00', '22:00:00', 28, 26),
(305, '2023-10-26', '19:00:00', '22:00:00', 28, 26),
(306, '2023-10-30', '19:00:00', '22:00:00', 28, 26),
(307, '2023-11-02', '19:00:00', '22:00:00', 28, 26),
(308, '2023-11-06', '19:00:00', '22:00:00', 28, 26),
(309, '2023-11-09', '19:00:00', '22:00:00', 28, 26),
(310, '2023-11-13', '19:00:00', '22:00:00', 28, 26),
(311, '2023-11-16', '19:00:00', '22:00:00', 28, 26),
(312, '2023-11-20', '19:00:00', '22:00:00', 28, 26),
(313, '2023-11-23', '19:00:00', '22:00:00', 28, 26),
(314, '2023-11-27', '19:00:00', '22:00:00', 28, 26),
(315, '2023-11-30', '19:00:00', '22:00:00', 28, 26),
(316, '2023-12-04', '19:00:00', '22:00:00', 28, 26),
(317, '2023-12-07', '19:00:00', '22:00:00', 28, 26),
(318, '2023-12-11', '19:00:00', '22:00:00', 28, 26),
(319, '2023-12-14', '19:00:00', '22:00:00', 28, 26),
(320, '2023-12-18', '19:00:00', '22:00:00', 28, 26),
(321, '2023-12-21', '19:00:00', '22:00:00', 28, 26),
(322, '2023-12-25', '19:00:00', '22:00:00', 28, 26),
(323, '2023-12-28', '19:00:00', '22:00:00', 28, 26),
(324, '2023-07-22', '08:00:00', '12:00:00', 55, 12),
(325, '2023-07-29', '08:00:00', '12:00:00', 55, 12),
(326, '2023-08-05', '08:00:00', '12:00:00', 55, 12),
(327, '2023-08-12', '08:00:00', '12:00:00', 55, 12),
(328, '2023-08-19', '08:00:00', '12:00:00', 55, 12),
(329, '2023-08-26', '08:00:00', '12:00:00', 55, 12),
(330, '2023-09-02', '08:00:00', '12:00:00', 55, 12),
(331, '2023-09-09', '08:00:00', '12:00:00', 55, 12),
(332, '2023-09-16', '08:00:00', '12:00:00', 55, 12),
(333, '2023-09-23', '08:00:00', '12:00:00', 55, 12),
(334, '2023-09-30', '08:00:00', '12:00:00', 55, 12),
(335, '2023-10-07', '08:00:00', '12:00:00', 55, 12),
(336, '2023-10-14', '08:00:00', '12:00:00', 55, 12),
(337, '2023-10-21', '08:00:00', '12:00:00', 55, 12),
(338, '2023-10-28', '08:00:00', '12:00:00', 55, 12),
(339, '2023-11-04', '08:00:00', '12:00:00', 55, 12),
(340, '2023-11-11', '08:00:00', '12:00:00', 55, 12),
(341, '2023-11-18', '08:00:00', '12:00:00', 55, 12),
(342, '2023-11-25', '08:00:00', '12:00:00', 55, 12),
(343, '2023-12-02', '08:00:00', '12:00:00', 55, 12),
(344, '2023-12-09', '08:00:00', '12:00:00', 55, 12),
(345, '2023-12-16', '08:00:00', '12:00:00', 55, 12),
(346, '2023-08-02', '19:00:00', '22:00:00', 54, 12),
(347, '2023-08-03', '19:00:00', '22:00:00', 54, 12),
(348, '2023-08-07', '19:00:00', '22:00:00', 54, 12),
(349, '2023-08-09', '19:00:00', '22:00:00', 54, 12),
(350, '2023-08-10', '19:00:00', '22:00:00', 54, 12),
(351, '2023-08-14', '19:00:00', '22:00:00', 54, 12),
(352, '2023-08-16', '19:00:00', '22:00:00', 54, 12),
(353, '2023-08-17', '19:00:00', '22:00:00', 54, 12),
(354, '2023-08-21', '19:00:00', '22:00:00', 54, 12),
(355, '2023-08-23', '19:00:00', '22:00:00', 54, 12),
(356, '2023-08-24', '19:00:00', '22:00:00', 54, 12),
(357, '2023-08-28', '19:00:00', '22:00:00', 54, 12),
(358, '2023-08-30', '19:00:00', '22:00:00', 54, 12),
(359, '2023-08-31', '19:00:00', '22:00:00', 54, 12),
(360, '2023-09-04', '19:00:00', '22:00:00', 54, 12),
(361, '2023-09-06', '19:00:00', '22:00:00', 54, 12),
(362, '2023-09-07', '19:00:00', '22:00:00', 54, 12),
(363, '2023-09-11', '19:00:00', '22:00:00', 54, 12),
(364, '2023-09-13', '19:00:00', '22:00:00', 54, 12),
(365, '2023-09-14', '19:00:00', '22:00:00', 54, 12),
(366, '2023-09-18', '19:00:00', '22:00:00', 54, 12),
(367, '2023-09-20', '19:00:00', '22:00:00', 54, 12),
(368, '2023-09-21', '19:00:00', '22:00:00', 54, 12),
(369, '2023-09-25', '19:00:00', '22:00:00', 54, 12),
(370, '2023-09-27', '19:00:00', '22:00:00', 54, 12),
(371, '2023-09-28', '19:00:00', '22:00:00', 54, 12),
(372, '2023-10-02', '19:00:00', '22:00:00', 54, 12),
(373, '2023-10-04', '19:00:00', '22:00:00', 54, 12),
(374, '2023-10-05', '19:00:00', '22:00:00', 54, 12),
(375, '2023-10-09', '19:00:00', '22:00:00', 54, 12),
(376, '2023-10-11', '19:00:00', '22:00:00', 54, 12),
(377, '2023-10-12', '19:00:00', '22:00:00', 54, 12),
(378, '2023-10-16', '19:00:00', '22:00:00', 54, 12),
(379, '2023-10-18', '19:00:00', '22:00:00', 54, 12),
(380, '2023-10-19', '19:00:00', '22:00:00', 54, 12),
(381, '2023-10-23', '19:00:00', '22:00:00', 54, 12),
(382, '2023-10-25', '19:00:00', '22:00:00', 54, 12),
(383, '2023-10-26', '19:00:00', '22:00:00', 54, 12),
(384, '2023-10-30', '19:00:00', '22:00:00', 54, 12),
(385, '2023-11-01', '19:00:00', '22:00:00', 54, 12),
(386, '2023-11-02', '19:00:00', '22:00:00', 54, 12),
(387, '2023-11-06', '19:00:00', '22:00:00', 54, 12),
(388, '2023-11-08', '19:00:00', '22:00:00', 54, 12),
(389, '2023-11-09', '19:00:00', '22:00:00', 54, 12),
(390, '2023-11-13', '19:00:00', '22:00:00', 54, 12),
(391, '2023-11-15', '19:00:00', '22:00:00', 54, 12),
(392, '2023-11-16', '19:00:00', '22:00:00', 54, 12),
(393, '2023-11-20', '19:00:00', '22:00:00', 54, 12),
(394, '2023-11-22', '19:00:00', '22:00:00', 54, 12),
(395, '2023-11-23', '19:00:00', '22:00:00', 54, 12),
(396, '2023-11-27', '19:00:00', '22:00:00', 54, 12),
(397, '2023-11-29', '19:00:00', '22:00:00', 54, 12),
(398, '2023-11-30', '19:00:00', '22:00:00', 54, 12),
(399, '2023-12-04', '19:00:00', '22:00:00', 54, 12),
(400, '2023-12-06', '19:00:00', '22:00:00', 54, 12),
(401, '2023-12-07', '19:00:00', '22:00:00', 54, 12),
(402, '2023-12-11', '19:00:00', '22:00:00', 54, 12),
(403, '2023-12-13', '19:00:00', '22:00:00', 54, 12),
(404, '2023-12-14', '19:00:00', '22:00:00', 54, 12),
(405, '2023-12-18', '19:00:00', '22:00:00', 54, 12),
(406, '2023-12-20', '19:00:00', '22:00:00', 54, 12),
(409, '2023-09-18', '13:30:00', '17:30:00', 12, 8),
(410, '2023-09-20', '13:30:00', '17:30:00', 12, 8),
(411, '2023-09-25', '13:30:00', '17:30:00', 12, 8),
(412, '2023-10-07', '08:00:00', '12:00:00', 10, 24),
(413, '2023-10-14', '08:00:00', '12:00:00', 10, 24),
(414, '2023-10-21', '08:00:00', '12:00:00', 10, 24),
(415, '2023-10-28', '08:00:00', '12:00:00', 10, 24),
(416, '2023-11-04', '08:00:00', '12:00:00', 10, 24),
(417, '2023-11-11', '08:00:00', '12:00:00', 10, 24),
(418, '2023-09-18', '19:00:00', '22:00:00', 11, 24),
(419, '2023-09-19', '19:00:00', '22:00:00', 11, 24),
(420, '2023-09-20', '19:00:00', '22:00:00', 11, 24),
(421, '2023-09-21', '19:00:00', '22:00:00', 11, 24),
(422, '2023-09-25', '19:00:00', '22:00:00', 11, 24),
(423, '2023-09-26', '19:00:00', '22:00:00', 11, 24),
(424, '2023-09-27', '19:00:00', '22:00:00', 11, 24),
(425, '2023-09-28', '19:00:00', '22:00:00', 11, 24),
(426, '2023-10-02', '19:00:00', '22:00:00', 11, 24),
(427, '2023-10-03', '19:00:00', '22:00:00', 11, 24),
(428, '2023-10-04', '19:00:00', '22:00:00', 11, 24),
(429, '2023-10-05', '19:00:00', '22:00:00', 11, 24),
(430, '2023-10-09', '19:00:00', '22:00:00', 11, 24),
(431, '2023-10-10', '19:00:00', '22:00:00', 11, 24),
(432, '2023-10-11', '19:00:00', '22:00:00', 11, 24),
(433, '2023-10-12', '19:00:00', '22:00:00', 11, 24),
(434, '2023-10-16', '19:00:00', '22:00:00', 11, 24),
(435, '2023-10-17', '19:00:00', '22:00:00', 11, 24),
(436, '2023-10-18', '19:00:00', '22:00:00', 11, 24),
(437, '2023-10-19', '19:00:00', '22:00:00', 11, 24),
(438, '2023-10-23', '19:00:00', '22:00:00', 11, 24),
(439, '2023-10-24', '19:00:00', '22:00:00', 11, 24),
(440, '2023-10-25', '19:00:00', '22:00:00', 11, 24),
(441, '2023-10-26', '19:00:00', '22:00:00', 11, 24),
(442, '2023-10-30', '19:00:00', '22:00:00', 11, 24),
(443, '2023-10-31', '19:00:00', '22:00:00', 11, 24),
(444, '2023-11-01', '19:00:00', '22:00:00', 11, 24),
(445, '2023-11-02', '19:00:00', '22:00:00', 11, 24),
(446, '2023-11-06', '19:00:00', '22:00:00', 11, 24),
(447, '2023-11-07', '19:00:00', '22:00:00', 11, 24),
(448, '2023-11-08', '19:00:00', '22:00:00', 11, 24),
(449, '2023-11-09', '19:00:00', '22:00:00', 11, 24),
(450, '2023-11-13', '19:00:00', '22:00:00', 11, 24),
(451, '2023-11-14', '19:00:00', '22:00:00', 11, 24),
(452, '2023-11-15', '19:00:00', '22:00:00', 11, 24),
(453, '2023-11-16', '19:00:00', '22:00:00', 11, 24),
(454, '2023-11-20', '19:00:00', '22:00:00', 11, 24),
(455, '2023-11-21', '19:00:00', '22:00:00', 11, 24),
(456, '2023-11-22', '19:00:00', '22:00:00', 11, 24),
(457, '2023-11-23', '19:00:00', '22:00:00', 11, 24),
(458, '2023-11-27', '19:00:00', '22:00:00', 11, 24),
(459, '2023-11-28', '19:00:00', '22:00:00', 11, 24),
(460, '2023-11-29', '19:00:00', '22:00:00', 11, 24),
(461, '2023-11-30', '19:00:00', '22:00:00', 11, 24),
(462, '2023-12-04', '19:00:00', '22:00:00', 11, 24),
(463, '2023-12-05', '19:00:00', '22:00:00', 11, 24),
(464, '2023-12-06', '19:00:00', '22:00:00', 11, 24),
(465, '2023-12-07', '19:00:00', '22:00:00', 11, 24),
(466, '2023-12-11', '19:00:00', '22:00:00', 11, 24),
(467, '2023-12-12', '19:00:00', '22:00:00', 11, 24),
(468, '2023-12-13', '19:00:00', '22:00:00', 11, 24),
(469, '2023-12-14', '19:00:00', '22:00:00', 11, 24),
(470, '2023-12-18', '19:00:00', '22:00:00', 11, 24),
(471, '2023-12-19', '19:00:00', '22:00:00', 11, 24),
(472, '2023-12-20', '19:00:00', '22:00:00', 11, 24),
(473, '2023-12-21', '19:00:00', '22:00:00', 11, 24),
(474, '2023-12-25', '19:00:00', '22:00:00', 11, 24),
(475, '2023-12-26', '19:00:00', '22:00:00', 11, 24),
(476, '2023-09-18', '19:00:00', '22:00:00', 13, 28),
(477, '2023-09-19', '19:00:00', '22:00:00', 13, 28),
(478, '2023-09-20', '19:00:00', '22:00:00', 13, 28),
(479, '2023-09-21', '19:00:00', '22:00:00', 13, 28),
(480, '2023-09-25', '19:00:00', '22:00:00', 13, 28),
(481, '2023-09-26', '19:00:00', '22:00:00', 13, 28),
(482, '2023-09-27', '19:00:00', '22:00:00', 13, 28),
(483, '2023-10-10', '19:00:00', '22:00:00', 14, 26),
(484, '2023-10-11', '19:00:00', '22:00:00', 14, 26),
(485, '2023-10-17', '19:00:00', '22:00:00', 14, 26),
(486, '2023-10-18', '19:00:00', '22:00:00', 14, 26),
(487, '2023-10-24', '19:00:00', '22:00:00', 14, 26),
(488, '2023-10-25', '19:00:00', '22:00:00', 14, 26),
(489, '2023-10-31', '19:00:00', '22:00:00', 14, 26),
(490, '2023-11-01', '19:00:00', '22:00:00', 14, 26),
(491, '2023-11-07', '19:00:00', '22:00:00', 14, 26),
(492, '2023-11-08', '19:00:00', '22:00:00', 14, 26),
(493, '2023-11-14', '19:00:00', '22:00:00', 14, 26),
(494, '2023-11-15', '19:00:00', '22:00:00', 14, 26),
(495, '2023-11-21', '19:00:00', '22:00:00', 14, 26),
(496, '2023-11-22', '19:00:00', '22:00:00', 14, 26),
(497, '2023-11-28', '19:00:00', '22:00:00', 14, 26),
(498, '2023-09-16', '08:00:00', '17:00:00', 15, 26),
(499, '2023-09-23', '08:00:00', '17:00:00', 15, 26),
(500, '2023-09-30', '08:00:00', '17:00:00', 15, 26),
(501, '2023-10-07', '08:00:00', '17:00:00', 15, 26),
(502, '2023-10-14', '08:00:00', '17:00:00', 15, 26),
(503, '2023-10-21', '08:00:00', '17:00:00', 15, 26),
(504, '2023-10-28', '08:00:00', '17:00:00', 15, 26),
(505, '2023-11-04', '08:00:00', '17:00:00', 15, 26),
(506, '2023-11-11', '08:00:00', '17:00:00', 15, 26),
(507, '2023-11-18', '08:00:00', '17:00:00', 15, 26),
(508, '2023-11-25', '08:00:00', '17:00:00', 15, 26),
(509, '2023-01-17', '19:00:00', '22:00:00', 16, 21),
(510, '2023-01-19', '19:00:00', '22:00:00', 16, 21),
(511, '2023-01-24', '19:00:00', '22:00:00', 16, 21),
(512, '2023-01-26', '19:00:00', '22:00:00', 16, 21),
(513, '2023-01-31', '19:00:00', '22:00:00', 16, 21),
(514, '2023-02-02', '19:00:00', '22:00:00', 16, 21),
(515, '2023-02-07', '19:00:00', '22:00:00', 16, 21),
(516, '2023-02-09', '19:00:00', '22:00:00', 16, 21),
(517, '2023-02-14', '19:00:00', '22:00:00', 16, 21),
(518, '2023-02-16', '19:00:00', '22:00:00', 16, 21),
(519, '2023-02-21', '19:00:00', '22:00:00', 16, 21),
(520, '2023-02-23', '19:00:00', '22:00:00', 16, 21),
(521, '2023-02-28', '19:00:00', '22:00:00', 16, 21),
(522, '2023-03-02', '19:00:00', '22:00:00', 16, 21),
(523, '2023-03-07', '19:00:00', '22:00:00', 16, 21),
(524, '2023-03-09', '19:00:00', '22:00:00', 16, 21),
(525, '2023-03-14', '19:00:00', '22:00:00', 16, 21),
(526, '2023-03-16', '19:00:00', '22:00:00', 16, 21),
(527, '2023-03-21', '19:00:00', '22:00:00', 16, 21),
(528, '2023-03-23', '19:00:00', '22:00:00', 16, 21),
(529, '2023-03-28', '19:00:00', '22:00:00', 16, 21),
(530, '2023-03-30', '19:00:00', '22:00:00', 16, 21),
(531, '2023-04-04', '19:00:00', '22:00:00', 16, 21),
(532, '2023-04-06', '19:00:00', '22:00:00', 16, 21),
(533, '2023-04-11', '19:00:00', '22:00:00', 16, 21),
(534, '2023-04-13', '19:00:00', '22:00:00', 16, 21),
(535, '2023-04-18', '19:00:00', '22:00:00', 16, 21),
(536, '2023-04-20', '19:00:00', '22:00:00', 16, 21),
(537, '2023-04-25', '19:00:00', '22:00:00', 16, 21),
(538, '2023-04-27', '19:00:00', '22:00:00', 16, 21),
(539, '2023-05-02', '19:00:00', '22:00:00', 16, 21),
(540, '2023-05-04', '19:00:00', '22:00:00', 16, 21),
(541, '2023-05-09', '19:00:00', '22:00:00', 16, 21),
(542, '2023-05-11', '19:00:00', '22:00:00', 16, 21),
(543, '2023-05-16', '19:00:00', '22:00:00', 16, 21),
(544, '2023-05-18', '19:00:00', '22:00:00', 16, 21),
(545, '2023-05-23', '19:00:00', '22:00:00', 16, 21),
(546, '2023-05-25', '19:00:00', '22:00:00', 16, 21),
(547, '2023-05-30', '19:00:00', '22:00:00', 16, 21),
(548, '2023-06-01', '19:00:00', '22:00:00', 16, 21),
(549, '2023-06-06', '19:00:00', '22:00:00', 16, 21),
(550, '2023-06-08', '19:00:00', '22:00:00', 16, 21),
(551, '2023-06-13', '19:00:00', '22:00:00', 16, 21),
(552, '2023-06-15', '19:00:00', '22:00:00', 16, 21),
(553, '2023-06-20', '19:00:00', '22:00:00', 16, 21),
(554, '2023-06-22', '19:00:00', '22:00:00', 16, 21),
(555, '2023-06-27', '19:00:00', '22:00:00', 16, 21),
(556, '2023-06-29', '19:00:00', '22:00:00', 16, 21),
(557, '2023-07-04', '19:00:00', '22:00:00', 16, 21),
(558, '2023-07-06', '19:00:00', '22:00:00', 16, 21),
(559, '2023-07-11', '19:00:00', '22:00:00', 16, 21),
(560, '2023-07-13', '19:00:00', '22:00:00', 16, 21),
(561, '2023-07-18', '19:00:00', '22:00:00', 16, 21),
(562, '2023-07-20', '19:00:00', '22:00:00', 16, 21),
(563, '2023-07-25', '19:00:00', '22:00:00', 16, 21),
(564, '2023-07-27', '19:00:00', '22:00:00', 16, 21),
(565, '2023-08-01', '19:00:00', '22:00:00', 16, 21),
(566, '2023-08-03', '19:00:00', '22:00:00', 16, 21),
(567, '2023-08-08', '19:00:00', '22:00:00', 16, 21),
(568, '2023-08-10', '19:00:00', '22:00:00', 16, 21),
(569, '2023-08-15', '19:00:00', '22:00:00', 16, 21),
(570, '2023-08-17', '19:00:00', '22:00:00', 16, 21),
(571, '2023-08-22', '19:00:00', '22:00:00', 16, 21),
(572, '2023-08-24', '19:00:00', '22:00:00', 16, 21),
(573, '2023-08-29', '19:00:00', '22:00:00', 16, 21),
(574, '2023-08-31', '19:00:00', '22:00:00', 16, 21),
(575, '2023-09-05', '19:00:00', '22:00:00', 16, 21),
(576, '2023-09-07', '19:00:00', '22:00:00', 16, 21),
(577, '2023-09-12', '19:00:00', '22:00:00', 16, 21),
(578, '2023-09-14', '19:00:00', '22:00:00', 16, 21),
(579, '2023-09-19', '19:00:00', '22:00:00', 16, 21),
(580, '2023-09-21', '19:00:00', '22:00:00', 16, 21),
(581, '2023-09-26', '19:00:00', '22:00:00', 16, 21),
(582, '2023-09-28', '19:00:00', '22:00:00', 16, 21),
(583, '2023-10-03', '19:00:00', '22:00:00', 16, 21),
(584, '2023-10-05', '19:00:00', '22:00:00', 16, 21),
(585, '2023-10-10', '19:00:00', '22:00:00', 16, 21),
(586, '2023-10-12', '19:00:00', '22:00:00', 16, 21),
(587, '2023-10-17', '19:00:00', '22:00:00', 16, 21),
(588, '2023-10-19', '19:00:00', '22:00:00', 16, 21),
(589, '2023-10-24', '19:00:00', '22:00:00', 17, 21),
(590, '2023-10-26', '19:00:00', '22:00:00', 17, 21),
(591, '2023-10-31', '19:00:00', '22:00:00', 17, 21),
(592, '2023-11-02', '19:00:00', '22:00:00', 17, 21),
(593, '2023-11-07', '19:00:00', '22:00:00', 17, 21),
(594, '2023-11-09', '19:00:00', '22:00:00', 17, 21),
(595, '2023-11-14', '19:00:00', '22:00:00', 17, 21),
(596, '2023-11-16', '19:00:00', '22:00:00', 17, 21),
(597, '2023-11-21', '19:00:00', '22:00:00', 17, 21),
(598, '2023-11-23', '19:00:00', '22:00:00', 17, 21),
(599, '2023-11-28', '19:00:00', '22:00:00', 17, 21),
(600, '2023-11-30', '19:00:00', '22:00:00', 17, 21),
(601, '2023-12-05', '19:00:00', '22:00:00', 17, 21),
(602, '2023-12-07', '19:00:00', '22:00:00', 17, 21),
(603, '2023-12-12', '19:00:00', '22:00:00', 17, 21),
(604, '2023-12-14', '19:00:00', '22:00:00', 17, 21),
(605, '2023-12-19', '19:00:00', '22:00:00', 17, 21),
(606, '2023-12-21', '19:00:00', '22:00:00', 17, 21),
(607, '2023-12-26', '19:00:00', '22:00:00', 17, 21),
(608, '2023-12-28', '19:00:00', '22:00:00', 17, 21),
(609, '2024-01-02', '19:00:00', '22:00:00', 17, 21),
(610, '2024-01-04', '19:00:00', '22:00:00', 17, 21),
(611, '2024-01-09', '19:00:00', '22:00:00', 17, 21),
(612, '2024-01-11', '19:00:00', '22:00:00', 17, 21),
(613, '2024-01-16', '19:00:00', '22:00:00', 17, 21),
(614, '2024-01-18', '19:00:00', '22:00:00', 17, 21),
(615, '2024-01-23', '19:00:00', '22:00:00', 17, 21),
(616, '2024-01-25', '19:00:00', '22:00:00', 17, 21),
(617, '2024-01-30', '19:00:00', '22:00:00', 17, 21),
(618, '2024-02-01', '19:00:00', '22:00:00', 17, 21),
(619, '2024-02-06', '19:00:00', '22:00:00', 17, 21),
(620, '2024-02-08', '19:00:00', '22:00:00', 17, 21),
(621, '2024-02-13', '19:00:00', '22:00:00', 17, 21),
(622, '2024-02-15', '19:00:00', '22:00:00', 17, 21),
(623, '2024-02-20', '19:00:00', '22:00:00', 17, 21),
(624, '2024-02-22', '19:00:00', '22:00:00', 17, 21),
(625, '2024-02-27', '19:00:00', '22:00:00', 17, 21),
(626, '2024-02-29', '19:00:00', '22:00:00', 17, 21),
(627, '2024-03-05', '19:00:00', '22:00:00', 17, 21),
(628, '2024-03-07', '19:00:00', '22:00:00', 17, 21),
(629, '2024-03-12', '19:00:00', '22:00:00', 17, 21),
(630, '2024-03-14', '19:00:00', '22:00:00', 17, 21),
(631, '2024-03-19', '19:00:00', '22:00:00', 17, 21),
(632, '2024-03-21', '19:00:00', '22:00:00', 17, 21),
(633, '2024-03-26', '19:00:00', '22:00:00', 17, 21),
(634, '2024-03-28', '19:00:00', '22:00:00', 17, 21),
(635, '2024-04-02', '19:00:00', '22:00:00', 17, 21),
(636, '2024-04-04', '19:00:00', '22:00:00', 17, 21),
(637, '2024-04-09', '19:00:00', '22:00:00', 17, 21),
(638, '2024-04-11', '19:00:00', '22:00:00', 17, 21),
(639, '2024-04-16', '19:00:00', '22:00:00', 17, 21),
(640, '2024-04-18', '19:00:00', '22:00:00', 17, 21),
(641, '2024-04-23', '19:00:00', '22:00:00', 17, 21),
(642, '2024-04-25', '19:00:00', '22:00:00', 17, 21),
(643, '2024-04-30', '19:00:00', '22:00:00', 17, 21),
(644, '2023-02-06', '19:00:00', '22:00:00', 18, 21),
(645, '2023-02-08', '19:00:00', '22:00:00', 18, 21),
(646, '2023-02-13', '19:00:00', '22:00:00', 18, 21),
(647, '2023-02-15', '19:00:00', '22:00:00', 18, 21),
(648, '2023-02-20', '19:00:00', '22:00:00', 18, 21),
(649, '2023-02-22', '19:00:00', '22:00:00', 18, 21),
(650, '2023-02-27', '19:00:00', '22:00:00', 18, 21),
(651, '2023-03-01', '19:00:00', '22:00:00', 18, 21),
(652, '2023-03-06', '19:00:00', '22:00:00', 18, 21),
(653, '2023-03-08', '19:00:00', '22:00:00', 18, 21),
(654, '2023-03-13', '19:00:00', '22:00:00', 18, 21),
(655, '2023-03-15', '19:00:00', '22:00:00', 18, 21),
(656, '2023-03-20', '19:00:00', '22:00:00', 18, 21),
(657, '2023-03-22', '19:00:00', '22:00:00', 18, 21),
(658, '2023-03-27', '19:00:00', '22:00:00', 18, 21),
(659, '2023-03-29', '19:00:00', '22:00:00', 18, 21),
(660, '2023-04-03', '19:00:00', '22:00:00', 18, 21),
(661, '2023-04-05', '19:00:00', '22:00:00', 18, 21),
(662, '2023-04-10', '19:00:00', '22:00:00', 18, 21),
(663, '2023-04-12', '19:00:00', '22:00:00', 18, 21),
(664, '2023-04-17', '19:00:00', '22:00:00', 18, 21),
(665, '2023-04-19', '19:00:00', '22:00:00', 18, 21),
(666, '2023-04-24', '19:00:00', '22:00:00', 18, 21),
(667, '2023-04-26', '19:00:00', '22:00:00', 18, 21),
(668, '2023-05-01', '19:00:00', '22:00:00', 18, 21),
(669, '2023-05-03', '19:00:00', '22:00:00', 18, 21),
(670, '2023-05-08', '19:00:00', '22:00:00', 18, 21),
(671, '2023-05-10', '19:00:00', '22:00:00', 18, 21),
(672, '2023-05-15', '19:00:00', '22:00:00', 18, 21),
(673, '2023-05-17', '19:00:00', '22:00:00', 18, 21),
(674, '2023-05-22', '19:00:00', '22:00:00', 18, 21),
(675, '2023-05-24', '19:00:00', '22:00:00', 18, 21),
(676, '2023-05-29', '19:00:00', '22:00:00', 18, 21),
(677, '2023-05-31', '19:00:00', '22:00:00', 18, 21),
(678, '2023-06-05', '19:00:00', '22:00:00', 18, 21),
(679, '2023-06-07', '19:00:00', '22:00:00', 18, 21),
(680, '2023-06-12', '19:00:00', '22:00:00', 18, 21),
(681, '2023-06-14', '19:00:00', '22:00:00', 18, 21),
(682, '2023-06-19', '19:00:00', '22:00:00', 18, 21),
(683, '2023-06-21', '19:00:00', '22:00:00', 18, 21),
(684, '2023-06-26', '19:00:00', '22:00:00', 18, 21),
(685, '2023-06-28', '19:00:00', '22:00:00', 18, 21),
(686, '2023-07-03', '19:00:00', '22:00:00', 18, 21),
(687, '2023-07-05', '19:00:00', '22:00:00', 18, 21),
(688, '2023-07-10', '19:00:00', '22:00:00', 18, 21),
(689, '2023-07-12', '19:00:00', '22:00:00', 18, 21),
(690, '2023-07-17', '19:00:00', '22:00:00', 18, 21),
(691, '2023-07-19', '19:00:00', '22:00:00', 18, 21),
(692, '2023-07-24', '19:00:00', '22:00:00', 18, 21),
(693, '2023-07-26', '19:00:00', '22:00:00', 18, 21),
(694, '2023-07-31', '19:00:00', '22:00:00', 18, 21),
(695, '2023-08-02', '19:00:00', '22:00:00', 18, 21),
(696, '2023-08-07', '19:00:00', '22:00:00', 18, 21),
(697, '2023-08-09', '19:00:00', '22:00:00', 18, 21),
(698, '2023-08-14', '19:00:00', '22:00:00', 18, 21),
(699, '2023-08-16', '19:00:00', '22:00:00', 18, 21),
(700, '2023-08-21', '19:00:00', '22:00:00', 18, 21),
(701, '2023-09-04', '19:00:00', '22:00:00', 19, 21),
(702, '2023-09-06', '19:00:00', '22:00:00', 19, 21),
(703, '2023-09-11', '19:00:00', '22:00:00', 19, 21),
(704, '2023-09-13', '19:00:00', '22:00:00', 19, 21),
(705, '2023-09-18', '19:00:00', '22:00:00', 19, 21),
(706, '2023-09-20', '19:00:00', '22:00:00', 19, 21),
(707, '2023-09-25', '19:00:00', '22:00:00', 19, 21),
(708, '2023-09-27', '19:00:00', '22:00:00', 19, 21),
(709, '2023-10-02', '19:00:00', '22:00:00', 19, 21),
(710, '2023-10-04', '19:00:00', '22:00:00', 19, 21),
(711, '2023-10-09', '19:00:00', '22:00:00', 19, 21),
(712, '2023-10-11', '19:00:00', '22:00:00', 19, 21),
(713, '2023-10-16', '19:00:00', '22:00:00', 19, 21),
(714, '2023-10-18', '19:00:00', '22:00:00', 19, 21),
(715, '2023-10-23', '19:00:00', '22:00:00', 19, 21),
(716, '2023-10-25', '19:00:00', '22:00:00', 19, 21),
(717, '2023-10-30', '19:00:00', '22:00:00', 19, 21),
(718, '2023-11-01', '19:00:00', '22:00:00', 19, 21),
(719, '2023-11-06', '19:00:00', '22:00:00', 19, 21),
(720, '2023-11-08', '19:00:00', '22:00:00', 19, 21),
(721, '2023-11-13', '19:00:00', '22:00:00', 19, 21),
(722, '2023-11-15', '19:00:00', '22:00:00', 19, 21),
(723, '2023-11-20', '19:00:00', '22:00:00', 19, 21),
(724, '2023-11-22', '19:00:00', '22:00:00', 19, 21),
(725, '2023-11-27', '19:00:00', '22:00:00', 19, 21),
(726, '2023-11-29', '19:00:00', '22:00:00', 19, 21),
(727, '2023-12-04', '19:00:00', '22:00:00', 19, 21),
(728, '2023-12-06', '19:00:00', '22:00:00', 19, 21),
(729, '2023-12-11', '19:00:00', '22:00:00', 19, 21),
(730, '2023-12-13', '19:00:00', '22:00:00', 19, 21),
(731, '2023-12-18', '19:00:00', '22:00:00', 19, 21),
(732, '2023-12-20', '19:00:00', '22:00:00', 19, 21),
(733, '2023-12-25', '19:00:00', '22:00:00', 19, 21),
(734, '2023-12-27', '19:00:00', '22:00:00', 19, 21),
(735, '2024-01-01', '19:00:00', '22:00:00', 19, 21),
(736, '2024-01-03', '19:00:00', '22:00:00', 19, 21),
(737, '2024-01-08', '19:00:00', '22:00:00', 19, 21),
(738, '2024-01-10', '19:00:00', '22:00:00', 19, 21),
(739, '2024-01-15', '19:00:00', '22:00:00', 19, 21),
(740, '2024-01-17', '19:00:00', '22:00:00', 19, 21),
(741, '2024-01-22', '19:00:00', '22:00:00', 19, 21),
(742, '2024-01-24', '19:00:00', '22:00:00', 19, 21),
(743, '2024-01-29', '19:00:00', '22:00:00', 19, 21),
(744, '2024-01-31', '19:00:00', '22:00:00', 19, 21),
(745, '2024-02-05', '19:00:00', '22:00:00', 19, 21),
(746, '2024-02-07', '19:00:00', '22:00:00', 19, 21),
(747, '2024-02-12', '19:00:00', '22:00:00', 19, 21),
(748, '2024-02-14', '19:00:00', '22:00:00', 19, 21),
(749, '2024-02-19', '19:00:00', '22:00:00', 19, 21),
(750, '2024-02-21', '19:00:00', '22:00:00', 19, 21),
(751, '2024-02-26', '19:00:00', '22:00:00', 19, 21),
(752, '2024-02-28', '19:00:00', '22:00:00', 19, 21),
(753, '2024-03-04', '19:00:00', '22:00:00', 19, 21),
(754, '2024-03-06', '19:00:00', '22:00:00', 19, 21),
(755, '2024-03-11', '19:00:00', '22:00:00', 19, 21),
(756, '2024-03-13', '19:00:00', '22:00:00', 19, 21),
(757, '2024-03-18', '19:00:00', '22:00:00', 19, 21),
(758, '2024-03-20', '19:00:00', '22:00:00', 19, 21),
(759, '2024-03-25', '19:00:00', '22:00:00', 19, 21),
(760, '2023-07-22', '08:00:00', '12:00:00', 20, 9),
(761, '2023-07-29', '08:00:00', '12:00:00', 20, 9),
(762, '2023-08-05', '08:00:00', '12:00:00', 20, 9),
(763, '2023-08-12', '08:00:00', '12:00:00', 20, 9),
(764, '2023-08-19', '08:00:00', '12:00:00', 20, 9),
(765, '2023-08-26', '08:00:00', '12:00:00', 20, 9),
(766, '2023-09-02', '08:00:00', '12:00:00', 20, 9),
(767, '2023-09-09', '08:00:00', '12:00:00', 20, 9),
(768, '2023-09-16', '08:00:00', '12:00:00', 20, 9),
(769, '2023-09-23', '08:00:00', '12:00:00', 20, 9),
(770, '2023-09-30', '08:00:00', '12:00:00', 20, 9),
(771, '2023-10-07', '08:00:00', '12:00:00', 20, 9),
(772, '2023-10-14', '08:00:00', '12:00:00', 20, 9),
(773, '2023-10-21', '08:00:00', '12:00:00', 20, 9),
(774, '2023-10-28', '08:00:00', '12:00:00', 20, 9),
(775, '2023-09-05', '13:30:00', '17:30:00', 21, 5),
(776, '2023-09-07', '13:30:00', '17:30:00', 21, 5),
(777, '2023-09-12', '13:30:00', '17:30:00', 21, 5),
(778, '2023-09-14', '13:30:00', '17:30:00', 21, 5),
(779, '2023-09-19', '13:30:00', '17:30:00', 21, 5),
(780, '2023-09-21', '13:30:00', '17:30:00', 21, 5),
(781, '2023-09-26', '13:30:00', '17:30:00', 21, 5),
(782, '2023-09-28', '13:30:00', '17:30:00', 21, 5),
(783, '2023-10-03', '13:30:00', '17:30:00', 21, 5),
(784, '2023-10-05', '13:30:00', '17:30:00', 21, 5),
(785, '2023-10-10', '13:30:00', '17:30:00', 21, 5),
(786, '2023-10-12', '13:30:00', '17:30:00', 21, 5),
(787, '2023-10-17', '13:30:00', '17:30:00', 21, 5),
(788, '2023-10-19', '13:30:00', '17:30:00', 21, 5),
(789, '2023-10-24', '13:30:00', '17:30:00', 21, 5),
(790, '2023-10-26', '13:30:00', '17:30:00', 21, 5),
(791, '2023-10-31', '13:30:00', '17:30:00', 21, 5),
(792, '2023-07-24', '07:30:00', '11:30:00', 22, 45),
(793, '2023-07-26', '07:30:00', '11:30:00', 22, 45),
(794, '2023-07-31', '07:30:00', '11:30:00', 22, 45),
(795, '2023-08-02', '07:30:00', '11:30:00', 22, 45),
(796, '2023-08-07', '07:30:00', '11:30:00', 22, 45),
(797, '2023-08-09', '07:30:00', '11:30:00', 22, 45),
(798, '2023-08-14', '07:30:00', '11:30:00', 22, 45),
(799, '2023-08-16', '07:30:00', '11:30:00', 22, 45),
(800, '2023-08-21', '07:30:00', '11:30:00', 22, 45),
(801, '2023-08-23', '07:30:00', '11:30:00', 22, 45),
(802, '2023-08-28', '07:30:00', '11:30:00', 22, 45),
(803, '2023-08-30', '07:30:00', '11:30:00', 22, 45),
(804, '2023-09-04', '07:30:00', '11:30:00', 22, 45),
(805, '2023-09-06', '07:30:00', '11:30:00', 22, 45),
(806, '2023-09-11', '07:30:00', '11:30:00', 22, 45),
(807, '2023-09-13', '07:30:00', '11:30:00', 22, 45),
(808, '2023-09-18', '07:30:00', '11:30:00', 22, 45),
(809, '2023-09-20', '07:30:00', '11:30:00', 22, 45),
(810, '2023-09-25', '07:30:00', '11:30:00', 22, 45),
(811, '2023-09-27', '07:30:00', '11:30:00', 22, 45),
(812, '2023-10-02', '07:30:00', '11:30:00', 22, 45),
(813, '2023-10-04', '07:30:00', '11:30:00', 22, 45),
(814, '2023-10-09', '07:30:00', '11:30:00', 22, 45),
(815, '2023-10-11', '07:30:00', '11:30:00', 22, 45),
(816, '2023-10-16', '07:30:00', '11:30:00', 22, 45),
(817, '2023-10-18', '07:30:00', '11:30:00', 22, 45),
(818, '2023-10-23', '07:30:00', '11:30:00', 22, 45),
(819, '2023-10-25', '07:30:00', '11:30:00', 22, 45),
(820, '2023-10-30', '07:30:00', '11:30:00', 22, 45),
(821, '2023-11-01', '07:30:00', '11:30:00', 22, 45),
(822, '2023-11-06', '07:30:00', '11:30:00', 22, 45),
(823, '2023-11-08', '07:30:00', '11:30:00', 22, 45),
(824, '2023-11-13', '07:30:00', '11:30:00', 22, 45),
(825, '2023-11-15', '07:30:00', '11:30:00', 22, 45),
(826, '2023-11-20', '07:30:00', '11:30:00', 22, 45),
(827, '2023-11-22', '07:30:00', '11:30:00', 22, 45),
(828, '2023-11-27', '07:30:00', '11:30:00', 22, 45),
(829, '2023-11-29', '07:30:00', '11:30:00', 22, 45),
(830, '2023-12-04', '07:30:00', '11:30:00', 22, 45),
(831, '2023-12-06', '07:30:00', '11:30:00', 22, 45),
(832, '2023-12-11', '07:30:00', '11:30:00', 22, 45),
(833, '2023-07-25', '07:30:00', '11:30:00', 23, 45),
(834, '2023-07-27', '07:30:00', '11:30:00', 23, 45),
(835, '2023-08-01', '07:30:00', '11:30:00', 23, 45),
(836, '2023-08-03', '07:30:00', '11:30:00', 23, 45),
(837, '2023-08-08', '07:30:00', '11:30:00', 23, 45),
(838, '2023-08-10', '07:30:00', '11:30:00', 23, 45),
(839, '2023-08-15', '07:30:00', '11:30:00', 23, 45),
(840, '2023-08-17', '07:30:00', '11:30:00', 23, 45),
(841, '2023-08-22', '07:30:00', '11:30:00', 23, 45),
(842, '2023-08-24', '07:30:00', '11:30:00', 23, 45),
(843, '2023-08-29', '07:30:00', '11:30:00', 23, 45),
(844, '2023-08-31', '07:30:00', '11:30:00', 23, 45),
(845, '2023-09-05', '07:30:00', '11:30:00', 23, 45),
(846, '2023-09-07', '07:30:00', '11:30:00', 23, 45),
(847, '2023-09-12', '07:30:00', '11:30:00', 23, 45),
(848, '2023-09-14', '07:30:00', '11:30:00', 23, 45),
(849, '2023-09-19', '07:30:00', '11:30:00', 23, 45),
(850, '2023-09-21', '07:30:00', '11:30:00', 23, 45),
(851, '2023-09-26', '07:30:00', '11:30:00', 23, 45),
(852, '2023-09-28', '07:30:00', '11:30:00', 23, 45),
(853, '2023-10-03', '07:30:00', '11:30:00', 23, 45),
(854, '2023-10-05', '07:30:00', '11:30:00', 23, 45),
(855, '2023-10-10', '07:30:00', '11:30:00', 23, 45),
(856, '2023-10-12', '07:30:00', '11:30:00', 23, 45),
(857, '2023-10-17', '07:30:00', '11:30:00', 23, 45),
(858, '2023-10-19', '07:30:00', '11:30:00', 23, 45),
(859, '2023-10-24', '07:30:00', '11:30:00', 23, 45),
(860, '2023-10-26', '07:30:00', '11:30:00', 23, 45),
(861, '2023-10-31', '07:30:00', '11:30:00', 23, 45),
(862, '2023-11-02', '07:30:00', '11:30:00', 23, 45),
(863, '2023-11-07', '07:30:00', '11:30:00', 23, 45),
(864, '2023-11-09', '07:30:00', '11:30:00', 23, 45),
(865, '2023-11-14', '07:30:00', '11:30:00', 23, 45),
(866, '2023-11-16', '07:30:00', '11:30:00', 23, 45),
(867, '2023-11-21', '07:30:00', '11:30:00', 23, 45),
(868, '2023-11-23', '07:30:00', '11:30:00', 23, 45),
(869, '2023-11-28', '07:30:00', '11:30:00', 23, 45),
(870, '2023-11-30', '07:30:00', '11:30:00', 23, 45),
(871, '2023-12-05', '07:30:00', '11:30:00', 23, 45),
(872, '2023-12-07', '07:30:00', '11:30:00', 23, 45),
(873, '2023-12-12', '07:30:00', '11:30:00', 23, 45),
(874, '2023-12-14', '07:30:00', '11:30:00', 23, 45),
(875, '2023-12-19', '07:30:00', '11:30:00', 23, 45),
(876, '2023-07-24', '18:30:00', '22:00:00', 29, 44),
(877, '2023-07-26', '18:30:00', '22:00:00', 29, 44),
(878, '2023-07-28', '18:30:00', '22:00:00', 29, 44),
(879, '2023-07-31', '18:30:00', '22:00:00', 29, 44),
(880, '2023-08-02', '18:30:00', '22:00:00', 29, 44),
(881, '2023-08-04', '18:30:00', '22:00:00', 29, 44),
(882, '2023-08-07', '18:30:00', '22:00:00', 29, 44),
(883, '2023-08-09', '18:30:00', '22:00:00', 29, 44),
(884, '2023-08-11', '18:30:00', '22:00:00', 29, 44),
(885, '2023-08-14', '18:30:00', '22:00:00', 29, 44),
(886, '2023-08-16', '18:30:00', '22:00:00', 29, 44),
(887, '2023-08-18', '18:30:00', '22:00:00', 29, 44),
(888, '2023-08-21', '18:30:00', '22:00:00', 29, 44),
(889, '2023-08-23', '18:30:00', '22:00:00', 29, 44),
(890, '2023-08-25', '18:30:00', '22:00:00', 29, 44),
(891, '2023-08-28', '18:30:00', '22:00:00', 29, 44),
(892, '2023-08-30', '18:30:00', '22:00:00', 29, 44),
(893, '2023-09-01', '18:30:00', '22:00:00', 29, 44),
(894, '2023-09-04', '18:30:00', '22:00:00', 29, 44),
(895, '2023-09-06', '18:30:00', '22:00:00', 29, 44),
(896, '2023-09-08', '18:30:00', '22:00:00', 29, 44),
(897, '2023-09-11', '18:30:00', '22:00:00', 29, 44),
(898, '2023-09-13', '18:30:00', '22:00:00', 29, 44),
(899, '2023-09-15', '18:30:00', '22:00:00', 29, 44),
(900, '2023-09-18', '18:30:00', '22:00:00', 29, 44),
(901, '2023-09-20', '18:30:00', '22:00:00', 29, 44),
(902, '2023-09-22', '18:30:00', '22:00:00', 29, 44),
(903, '2023-09-25', '18:30:00', '22:00:00', 29, 44),
(904, '2023-09-27', '18:30:00', '22:00:00', 29, 44),
(905, '2023-09-29', '18:30:00', '22:00:00', 29, 44),
(906, '2023-10-02', '18:30:00', '22:00:00', 29, 44),
(907, '2023-10-04', '18:30:00', '22:00:00', 29, 44),
(908, '2023-10-06', '18:30:00', '22:00:00', 29, 44),
(909, '2023-10-09', '18:30:00', '22:00:00', 29, 44),
(910, '2023-10-11', '18:30:00', '22:00:00', 29, 44),
(911, '2023-10-13', '18:30:00', '22:00:00', 29, 44),
(912, '2023-10-16', '18:30:00', '22:00:00', 29, 44),
(913, '2023-10-18', '18:30:00', '22:00:00', 29, 44),
(914, '2023-10-20', '18:30:00', '22:00:00', 29, 44),
(915, '2023-10-23', '18:30:00', '22:00:00', 29, 44),
(916, '2023-10-25', '18:30:00', '22:00:00', 29, 44),
(917, '2023-10-27', '18:30:00', '22:00:00', 29, 44),
(918, '2023-10-30', '18:30:00', '22:00:00', 29, 44),
(919, '2023-11-01', '18:30:00', '22:00:00', 29, 44),
(920, '2023-11-03', '18:30:00', '22:00:00', 29, 44),
(921, '2023-11-06', '18:30:00', '22:00:00', 29, 44),
(922, '2023-11-08', '18:30:00', '22:00:00', 29, 44),
(923, '2023-11-10', '18:30:00', '22:00:00', 29, 44),
(924, '2023-11-13', '18:30:00', '22:00:00', 29, 44),
(925, '2023-11-15', '18:30:00', '22:00:00', 29, 44),
(926, '2023-11-17', '18:30:00', '22:00:00', 29, 44),
(927, '2023-11-20', '18:30:00', '22:00:00', 29, 44),
(928, '2023-11-22', '18:30:00', '22:00:00', 29, 44),
(929, '2023-11-24', '18:30:00', '22:00:00', 29, 44),
(930, '2023-11-27', '18:30:00', '22:00:00', 29, 44),
(931, '2023-11-29', '18:30:00', '22:00:00', 29, 44),
(932, '2023-12-01', '18:30:00', '22:00:00', 29, 44),
(933, '2023-12-04', '18:30:00', '22:00:00', 29, 44),
(934, '2023-12-06', '18:30:00', '22:00:00', 29, 44),
(935, '2023-07-25', '08:30:00', '22:00:00', 30, 43),
(936, '2023-07-27', '08:30:00', '22:00:00', 30, 43),
(937, '2023-07-28', '08:30:00', '22:00:00', 30, 43),
(938, '2023-08-01', '08:30:00', '22:00:00', 30, 43),
(939, '2023-08-03', '08:30:00', '22:00:00', 30, 43),
(940, '2023-08-04', '08:30:00', '22:00:00', 30, 43),
(941, '2023-08-08', '08:30:00', '22:00:00', 30, 43),
(942, '2023-08-10', '08:30:00', '22:00:00', 30, 43),
(943, '2023-08-11', '08:30:00', '22:00:00', 30, 43),
(944, '2023-08-15', '08:30:00', '22:00:00', 30, 43),
(945, '2023-08-17', '08:30:00', '22:00:00', 30, 43),
(946, '2023-08-18', '08:30:00', '22:00:00', 30, 43),
(947, '2023-08-22', '08:30:00', '22:00:00', 30, 43),
(948, '2023-08-24', '08:30:00', '22:00:00', 30, 43),
(949, '2023-08-25', '08:30:00', '22:00:00', 30, 43),
(950, '2023-08-29', '08:30:00', '22:00:00', 30, 43),
(951, '2023-08-31', '08:30:00', '22:00:00', 30, 43),
(952, '2023-09-01', '08:30:00', '22:00:00', 30, 43),
(953, '2023-09-05', '08:30:00', '22:00:00', 30, 43),
(954, '2023-09-07', '08:30:00', '22:00:00', 30, 43),
(955, '2023-09-08', '08:30:00', '22:00:00', 30, 43),
(956, '2023-09-12', '08:30:00', '22:00:00', 30, 43),
(957, '2023-09-14', '08:30:00', '22:00:00', 30, 43),
(958, '2023-09-15', '08:30:00', '22:00:00', 30, 43),
(959, '2023-09-19', '08:30:00', '22:00:00', 30, 43),
(960, '2023-09-21', '08:30:00', '22:00:00', 30, 43),
(961, '2023-09-22', '08:30:00', '22:00:00', 30, 43),
(962, '2023-09-26', '08:30:00', '22:00:00', 30, 43),
(963, '2023-09-28', '08:30:00', '22:00:00', 30, 43),
(964, '2023-09-29', '08:30:00', '22:00:00', 30, 43),
(965, '2023-10-03', '08:30:00', '22:00:00', 30, 43),
(966, '2023-10-05', '08:30:00', '22:00:00', 30, 43),
(967, '2023-10-06', '08:30:00', '22:00:00', 30, 43),
(968, '2023-10-10', '08:30:00', '22:00:00', 30, 43),
(969, '2023-10-12', '08:30:00', '22:00:00', 30, 43),
(970, '2023-10-13', '08:30:00', '22:00:00', 30, 43),
(971, '2023-10-17', '08:30:00', '22:00:00', 30, 43),
(972, '2023-10-19', '08:30:00', '22:00:00', 30, 43),
(973, '2023-10-20', '08:30:00', '22:00:00', 30, 43),
(974, '2023-10-24', '08:30:00', '22:00:00', 30, 43),
(975, '2023-10-26', '08:30:00', '22:00:00', 30, 43),
(976, '2023-10-27', '08:30:00', '22:00:00', 30, 43),
(977, '2023-10-31', '08:30:00', '22:00:00', 30, 43),
(978, '2023-11-02', '08:30:00', '22:00:00', 30, 43),
(979, '2023-11-03', '08:30:00', '22:00:00', 30, 43),
(980, '2023-11-07', '08:30:00', '22:00:00', 30, 43),
(981, '2023-11-09', '08:30:00', '22:00:00', 30, 43),
(982, '2023-11-10', '08:30:00', '22:00:00', 30, 43),
(983, '2023-11-14', '08:30:00', '22:00:00', 30, 43),
(984, '2023-11-16', '08:30:00', '22:00:00', 30, 43),
(985, '2023-11-17', '08:30:00', '22:00:00', 30, 43),
(986, '2023-11-21', '08:30:00', '22:00:00', 30, 43),
(987, '2023-11-23', '08:30:00', '22:00:00', 30, 43),
(988, '2023-11-24', '08:30:00', '22:00:00', 30, 43),
(989, '2023-11-28', '08:30:00', '22:00:00', 30, 43),
(990, '2023-11-30', '08:30:00', '22:00:00', 30, 43),
(991, '2023-12-01', '08:30:00', '22:00:00', 30, 43),
(992, '2023-12-05', '08:30:00', '22:00:00', 30, 43),
(993, '2023-12-07', '08:30:00', '22:00:00', 30, 43),
(994, '2023-12-08', '08:30:00', '22:00:00', 30, 43),
(995, '2023-12-12', '08:30:00', '22:00:00', 30, 43),
(996, '2023-06-13', '19:00:00', '22:00:00', 31, 14),
(997, '2023-06-15', '19:00:00', '22:00:00', 31, 14),
(998, '2023-06-20', '19:00:00', '22:00:00', 31, 14),
(999, '2023-06-22', '19:00:00', '22:00:00', 31, 14),
(1000, '2023-06-27', '19:00:00', '22:00:00', 31, 14),
(1001, '2023-06-29', '19:00:00', '22:00:00', 31, 14),
(1002, '2023-07-04', '19:00:00', '22:00:00', 31, 14),
(1003, '2023-07-06', '19:00:00', '22:00:00', 31, 14),
(1004, '2023-07-11', '19:00:00', '22:00:00', 31, 14),
(1005, '2023-07-13', '19:00:00', '22:00:00', 31, 14),
(1006, '2023-07-18', '19:00:00', '22:00:00', 31, 14),
(1007, '2023-07-20', '19:00:00', '22:00:00', 31, 14),
(1008, '2023-07-25', '19:00:00', '22:00:00', 31, 14),
(1009, '2023-07-27', '19:00:00', '22:00:00', 31, 14),
(1010, '2023-08-01', '19:00:00', '22:00:00', 31, 14),
(1011, '2023-08-03', '19:00:00', '22:00:00', 31, 14);
INSERT INTO `encontro` (`idEncontro`, `dataDoEncontro`, `inicio`, `termino`, `idTurma`, `idAmbiente`) VALUES
(1012, '2023-08-08', '19:00:00', '22:00:00', 31, 14),
(1013, '2023-08-10', '19:00:00', '22:00:00', 31, 14),
(1014, '2023-08-15', '19:00:00', '22:00:00', 31, 14),
(1015, '2023-08-17', '19:00:00', '22:00:00', 31, 14),
(1016, '2023-08-22', '19:00:00', '22:00:00', 31, 14),
(1017, '2023-08-24', '19:00:00', '22:00:00', 31, 14),
(1018, '2023-08-29', '19:00:00', '22:00:00', 31, 14),
(1019, '2023-08-31', '19:00:00', '22:00:00', 31, 14),
(1020, '2023-09-05', '19:00:00', '22:00:00', 31, 14),
(1021, '2023-09-07', '19:00:00', '22:00:00', 31, 14),
(1022, '2023-09-12', '19:00:00', '22:00:00', 31, 14),
(1023, '2023-09-14', '19:00:00', '22:00:00', 31, 14),
(1024, '2023-09-19', '19:00:00', '22:00:00', 31, 14),
(1025, '2023-09-21', '19:00:00', '22:00:00', 31, 14),
(1026, '2023-09-26', '19:00:00', '22:00:00', 31, 14),
(1027, '2023-09-28', '19:00:00', '22:00:00', 31, 14),
(1028, '2023-10-03', '19:00:00', '22:00:00', 31, 14),
(1029, '2023-10-05', '19:00:00', '22:00:00', 31, 14),
(1030, '2023-10-10', '19:00:00', '22:00:00', 31, 14),
(1031, '2023-10-12', '19:00:00', '22:00:00', 31, 14),
(1032, '2023-10-17', '19:00:00', '22:00:00', 31, 14),
(1033, '2023-10-19', '19:00:00', '22:00:00', 31, 14),
(1034, '2023-10-24', '19:00:00', '22:00:00', 31, 14),
(1035, '2023-10-26', '19:00:00', '22:00:00', 31, 14),
(1036, '2023-10-31', '19:00:00', '22:00:00', 31, 14),
(1037, '2023-11-02', '19:00:00', '22:00:00', 31, 14),
(1038, '2023-11-07', '19:00:00', '22:00:00', 31, 14),
(1039, '2023-11-09', '19:00:00', '22:00:00', 31, 14),
(1040, '2023-11-14', '19:00:00', '22:00:00', 31, 14),
(1041, '2023-11-16', '19:00:00', '22:00:00', 31, 14),
(1042, '2023-11-21', '19:00:00', '22:00:00', 31, 14),
(1043, '2023-11-23', '19:00:00', '22:00:00', 31, 14),
(1044, '2023-11-28', '19:00:00', '22:00:00', 31, 14),
(1045, '2023-11-30', '19:00:00', '22:00:00', 31, 14),
(1046, '2023-06-26', '19:00:00', '22:00:00', 32, 40),
(1047, '2023-06-28', '19:00:00', '22:00:00', 32, 40),
(1048, '2023-06-30', '19:00:00', '22:00:00', 32, 40),
(1049, '2023-07-03', '19:00:00', '22:00:00', 32, 40),
(1050, '2023-07-05', '19:00:00', '22:00:00', 32, 40),
(1051, '2023-07-07', '19:00:00', '22:00:00', 32, 40),
(1052, '2023-07-10', '19:00:00', '22:00:00', 32, 40),
(1053, '2023-07-12', '19:00:00', '22:00:00', 32, 40),
(1054, '2023-07-14', '19:00:00', '22:00:00', 32, 40),
(1055, '2023-07-17', '19:00:00', '22:00:00', 32, 40),
(1056, '2023-07-19', '19:00:00', '22:00:00', 32, 40),
(1057, '2023-07-21', '19:00:00', '22:00:00', 32, 40),
(1058, '2023-07-24', '19:00:00', '22:00:00', 32, 40),
(1059, '2023-07-26', '19:00:00', '22:00:00', 32, 40),
(1060, '2023-07-28', '19:00:00', '22:00:00', 32, 40),
(1061, '2023-07-31', '19:00:00', '22:00:00', 32, 40),
(1062, '2023-08-02', '19:00:00', '22:00:00', 32, 40),
(1063, '2023-08-04', '19:00:00', '22:00:00', 32, 40),
(1064, '2023-08-07', '19:00:00', '22:00:00', 32, 40),
(1065, '2023-08-09', '19:00:00', '22:00:00', 32, 40),
(1066, '2023-08-11', '19:00:00', '22:00:00', 32, 40),
(1067, '2023-08-14', '19:00:00', '22:00:00', 32, 40),
(1068, '2023-08-16', '19:00:00', '22:00:00', 32, 40),
(1069, '2023-08-18', '19:00:00', '22:00:00', 32, 40),
(1070, '2023-08-21', '19:00:00', '22:00:00', 32, 40),
(1071, '2023-08-23', '19:00:00', '22:00:00', 32, 40),
(1072, '2023-08-25', '19:00:00', '22:00:00', 32, 40),
(1073, '2023-08-28', '19:00:00', '22:00:00', 32, 40),
(1074, '2023-08-30', '19:00:00', '22:00:00', 32, 40),
(1075, '2023-09-01', '19:00:00', '22:00:00', 32, 40),
(1076, '2023-09-04', '19:00:00', '22:00:00', 32, 40),
(1077, '2023-09-06', '19:00:00', '22:00:00', 32, 40),
(1078, '2023-09-08', '19:00:00', '22:00:00', 32, 40),
(1079, '2023-09-11', '19:00:00', '22:00:00', 32, 40),
(1080, '2023-09-13', '19:00:00', '22:00:00', 32, 40),
(1081, '2023-09-15', '19:00:00', '22:00:00', 32, 40),
(1082, '2023-09-18', '19:00:00', '22:00:00', 32, 40),
(1083, '2023-09-20', '19:00:00', '22:00:00', 32, 40),
(1084, '2023-09-22', '19:00:00', '22:00:00', 32, 40),
(1085, '2023-09-25', '19:00:00', '22:00:00', 32, 40),
(1086, '2023-09-27', '19:00:00', '22:00:00', 32, 40),
(1087, '2023-09-29', '19:00:00', '22:00:00', 32, 40),
(1088, '2023-10-02', '19:00:00', '22:00:00', 32, 40),
(1089, '2023-10-04', '19:00:00', '22:00:00', 32, 40),
(1090, '2023-10-06', '19:00:00', '22:00:00', 32, 40),
(1091, '2023-10-09', '19:00:00', '22:00:00', 32, 40),
(1092, '2023-10-11', '19:00:00', '22:00:00', 32, 40),
(1093, '2023-10-13', '19:00:00', '22:00:00', 32, 40),
(1094, '2023-10-16', '19:00:00', '22:00:00', 32, 40),
(1095, '2023-10-18', '19:00:00', '22:00:00', 32, 40),
(1096, '2023-10-20', '19:00:00', '22:00:00', 32, 40),
(1097, '2023-10-23', '19:00:00', '22:00:00', 32, 40),
(1098, '2023-10-25', '19:00:00', '22:00:00', 32, 40),
(1099, '2023-10-27', '19:00:00', '22:00:00', 32, 40),
(1100, '2023-10-30', '19:00:00', '22:00:00', 32, 40),
(1101, '2023-11-01', '19:00:00', '22:00:00', 32, 40),
(1102, '2023-11-03', '19:00:00', '22:00:00', 32, 40),
(1103, '2023-11-06', '19:00:00', '22:00:00', 32, 40),
(1104, '2023-11-08', '19:00:00', '22:00:00', 32, 40),
(1105, '2023-11-10', '19:00:00', '22:00:00', 32, 40),
(1106, '2023-11-13', '19:00:00', '22:00:00', 32, 40),
(1107, '2023-11-15', '19:00:00', '22:00:00', 32, 40),
(1108, '2023-11-17', '19:00:00', '22:00:00', 32, 40),
(1109, '2023-11-20', '19:00:00', '22:00:00', 32, 40),
(1110, '2023-11-22', '19:00:00', '22:00:00', 32, 40),
(1111, '2023-11-24', '19:00:00', '22:00:00', 32, 40),
(1112, '2023-11-27', '19:00:00', '22:00:00', 32, 40),
(1113, '2023-11-29', '19:00:00', '22:00:00', 32, 40),
(1114, '2023-07-29', '08:00:00', '12:00:00', 33, 5),
(1115, '2023-08-05', '08:00:00', '12:00:00', 33, 5),
(1116, '2023-08-12', '08:00:00', '12:00:00', 33, 5),
(1117, '2023-08-19', '08:00:00', '12:00:00', 33, 5),
(1118, '2023-08-26', '08:00:00', '12:00:00', 33, 5),
(1119, '2023-09-02', '08:00:00', '12:00:00', 33, 5),
(1120, '2023-09-09', '08:00:00', '12:00:00', 33, 5),
(1121, '2023-09-16', '08:00:00', '12:00:00', 33, 5),
(1122, '2023-09-23', '08:00:00', '12:00:00', 33, 5),
(1123, '2023-09-30', '08:00:00', '12:00:00', 33, 5),
(1124, '2023-10-07', '08:00:00', '12:00:00', 33, 5),
(1125, '2023-08-08', '07:30:00', '11:30:00', 34, 13),
(1126, '2023-08-10', '07:30:00', '11:30:00', 34, 13),
(1127, '2023-08-15', '07:30:00', '11:30:00', 34, 13),
(1128, '2023-08-17', '07:30:00', '11:30:00', 34, 13),
(1129, '2023-08-22', '07:30:00', '11:30:00', 34, 13),
(1130, '2023-08-24', '07:30:00', '11:30:00', 34, 13),
(1131, '2023-08-29', '07:30:00', '11:30:00', 34, 13),
(1132, '2023-08-31', '07:30:00', '11:30:00', 34, 13),
(1133, '2023-09-05', '07:30:00', '11:30:00', 34, 13),
(1134, '2023-09-07', '07:30:00', '11:30:00', 34, 13),
(1135, '2023-09-12', '07:30:00', '11:30:00', 34, 13),
(1136, '2023-09-14', '07:30:00', '11:30:00', 34, 13),
(1137, '2023-08-09', '07:30:00', '11:30:00', 56, 35),
(1138, '2023-08-11', '07:30:00', '11:30:00', 56, 35),
(1139, '2023-08-16', '07:30:00', '11:30:00', 56, 35),
(1140, '2023-08-18', '07:30:00', '11:30:00', 56, 35),
(1141, '2023-08-23', '07:30:00', '11:30:00', 56, 35),
(1142, '2023-08-25', '07:30:00', '11:30:00', 56, 35),
(1143, '2023-08-30', '07:30:00', '11:30:00', 56, 35),
(1144, '2023-09-01', '07:30:00', '11:30:00', 56, 35),
(1145, '2023-09-06', '07:30:00', '11:30:00', 56, 35),
(1146, '2023-09-08', '07:30:00', '11:30:00', 56, 35),
(1147, '2023-09-13', '07:30:00', '11:30:00', 56, 35),
(1148, '2023-09-15', '07:30:00', '11:30:00', 56, 35),
(1149, '2023-09-20', '07:30:00', '11:30:00', 56, 35),
(1150, '2023-09-22', '07:30:00', '11:30:00', 56, 35),
(1151, '2023-09-27', '07:30:00', '11:30:00', 56, 35),
(1152, '2023-09-29', '07:30:00', '11:30:00', 56, 35),
(1153, '2023-08-09', '13:30:00', '11:30:00', 35, 21),
(1154, '2023-08-11', '13:30:00', '11:30:00', 35, 21),
(1155, '2023-08-14', '13:30:00', '11:30:00', 35, 21),
(1156, '2023-08-16', '13:30:00', '11:30:00', 35, 21),
(1157, '2023-08-18', '13:30:00', '11:30:00', 35, 21),
(1158, '2023-08-21', '13:30:00', '11:30:00', 35, 21),
(1159, '2023-08-23', '13:30:00', '11:30:00', 35, 21),
(1160, '2023-08-25', '13:30:00', '11:30:00', 35, 21),
(1161, '2023-08-28', '13:30:00', '11:30:00', 35, 21),
(1162, '2023-08-30', '13:30:00', '11:30:00', 35, 21),
(1163, '2023-09-01', '13:30:00', '11:30:00', 35, 21),
(1164, '2023-09-04', '13:30:00', '11:30:00', 35, 21),
(1165, '2023-09-06', '13:30:00', '11:30:00', 35, 21),
(1166, '2023-09-08', '13:30:00', '11:30:00', 35, 21),
(1167, '2023-09-11', '13:30:00', '11:30:00', 35, 21),
(1168, '2023-09-13', '13:30:00', '11:30:00', 35, 21),
(1169, '2023-09-15', '13:30:00', '11:30:00', 35, 21),
(1170, '2023-07-25', '13:00:00', '16:00:00', 36, 52),
(1171, '2023-07-27', '13:00:00', '16:00:00', 36, 52),
(1172, '2023-08-01', '13:00:00', '16:00:00', 36, 52),
(1173, '2023-08-03', '13:00:00', '16:00:00', 36, 52),
(1174, '2023-08-08', '13:00:00', '16:00:00', 36, 52),
(1175, '2023-08-10', '13:00:00', '16:00:00', 36, 52),
(1176, '2023-08-15', '13:00:00', '16:00:00', 36, 52),
(1177, '2023-08-17', '13:00:00', '16:00:00', 36, 52),
(1178, '2023-08-22', '13:00:00', '16:00:00', 36, 52),
(1179, '2023-08-24', '13:00:00', '16:00:00', 36, 52),
(1180, '2023-08-29', '13:00:00', '16:00:00', 36, 52),
(1181, '2023-08-31', '13:00:00', '16:00:00', 36, 52),
(1182, '2023-08-05', '08:00:00', '17:00:00', 37, 52),
(1183, '2023-08-12', '08:00:00', '17:00:00', 37, 52),
(1184, '2023-08-19', '08:00:00', '17:00:00', 37, 52),
(1185, '2023-08-26', '08:00:00', '17:00:00', 37, 52),
(1186, '2023-08-16', '19:00:00', '22:00:00', 38, 52),
(1187, '2023-08-21', '19:00:00', '22:00:00', 38, 52),
(1188, '2023-08-23', '19:00:00', '22:00:00', 38, 52),
(1189, '2023-08-28', '19:00:00', '22:00:00', 38, 52),
(1190, '2023-08-30', '19:00:00', '22:00:00', 38, 52),
(1191, '2023-09-04', '19:00:00', '22:00:00', 38, 52),
(1192, '2023-09-06', '19:00:00', '22:00:00', 38, 52),
(1193, '2023-09-11', '19:00:00', '22:00:00', 38, 52),
(1194, '2023-09-13', '19:00:00', '22:00:00', 38, 52),
(1195, '2023-09-18', '19:00:00', '22:00:00', 38, 52),
(1196, '2023-09-20', '19:00:00', '22:00:00', 38, 52),
(1197, '2023-09-05', '13:00:00', '16:00:00', 39, 52),
(1198, '2023-09-07', '13:00:00', '16:00:00', 39, 52),
(1199, '2023-09-12', '13:00:00', '16:00:00', 39, 52),
(1200, '2023-09-14', '13:00:00', '16:00:00', 39, 52),
(1201, '2023-09-19', '13:00:00', '16:00:00', 39, 52),
(1202, '2023-09-21', '13:00:00', '16:00:00', 39, 52),
(1203, '2023-09-26', '13:00:00', '16:00:00', 39, 52),
(1204, '2023-09-28', '13:00:00', '16:00:00', 39, 52),
(1205, '2023-10-03', '13:00:00', '16:00:00', 39, 52),
(1206, '2023-10-05', '13:00:00', '16:00:00', 39, 52),
(1207, '2023-10-10', '13:00:00', '16:00:00', 39, 52),
(1208, '2023-10-12', '13:00:00', '16:00:00', 39, 52),
(1209, '2023-10-17', '13:00:00', '16:00:00', 39, 52),
(1210, '2023-09-09', '08:00:00', '17:00:00', 40, 52),
(1211, '2023-09-16', '08:00:00', '17:00:00', 40, 52),
(1212, '2023-09-23', '08:00:00', '17:00:00', 40, 52),
(1213, '2023-09-30', '08:00:00', '17:00:00', 40, 52),
(1214, '2023-09-04', '19:00:00', '22:00:00', 41, 52),
(1215, '2023-09-06', '19:00:00', '22:00:00', 41, 52),
(1216, '2023-09-11', '19:00:00', '22:00:00', 41, 52),
(1217, '2023-09-13', '19:00:00', '22:00:00', 41, 52),
(1218, '2023-09-18', '19:00:00', '22:00:00', 41, 52),
(1219, '2023-09-20', '19:00:00', '22:00:00', 41, 52),
(1220, '2023-09-25', '19:00:00', '22:00:00', 41, 52),
(1221, '2023-09-27', '19:00:00', '22:00:00', 41, 52),
(1222, '2023-10-02', '19:00:00', '22:00:00', 41, 52),
(1223, '2023-10-04', '19:00:00', '22:00:00', 41, 52),
(1224, '2023-10-09', '19:00:00', '22:00:00', 41, 52),
(1225, '2023-07-26', '19:00:00', '22:00:00', 42, 13),
(1226, '2023-07-31', '19:00:00', '22:00:00', 42, 13),
(1227, '2023-08-02', '19:00:00', '22:00:00', 42, 13),
(1228, '2023-08-07', '19:00:00', '22:00:00', 42, 13),
(1229, '2023-08-09', '19:00:00', '22:00:00', 42, 13),
(1230, '2023-08-14', '19:00:00', '22:00:00', 42, 13),
(1231, '2023-08-16', '19:00:00', '22:00:00', 42, 13),
(1232, '2023-08-21', '19:00:00', '22:00:00', 42, 13),
(1233, '2023-08-23', '19:00:00', '22:00:00', 42, 13),
(1234, '2023-08-28', '19:00:00', '22:00:00', 42, 13),
(1235, '2023-08-30', '19:00:00', '22:00:00', 42, 13),
(1236, '2023-09-04', '19:00:00', '22:00:00', 42, 13),
(1237, '2023-09-06', '19:00:00', '22:00:00', 42, 13),
(1238, '2023-09-11', '19:00:00', '22:00:00', 42, 13),
(1239, '2023-09-13', '19:00:00', '22:00:00', 42, 13),
(1240, '2023-09-18', '19:00:00', '22:00:00', 42, 13),
(1241, '2023-09-20', '19:00:00', '22:00:00', 42, 13),
(1242, '2023-09-25', '19:00:00', '22:00:00', 42, 13),
(1243, '2023-09-27', '19:00:00', '22:00:00', 42, 13),
(1244, '2023-10-02', '19:00:00', '22:00:00', 42, 13),
(1245, '2023-10-04', '19:00:00', '22:00:00', 42, 13),
(1246, '2023-10-09', '19:00:00', '22:00:00', 42, 13),
(1247, '2023-10-11', '19:00:00', '22:00:00', 42, 13),
(1248, '2023-10-16', '19:00:00', '22:00:00', 42, 13),
(1249, '2023-10-18', '19:00:00', '22:00:00', 42, 13),
(1250, '2023-10-23', '19:00:00', '22:00:00', 42, 13),
(1251, '2023-10-25', '19:00:00', '22:00:00', 42, 13),
(1252, '2023-10-30', '19:00:00', '22:00:00', 42, 13),
(1253, '2023-07-27', '19:00:00', '22:00:00', 43, 13),
(1254, '2023-08-01', '19:00:00', '22:00:00', 43, 13),
(1255, '2023-08-03', '19:00:00', '22:00:00', 43, 13),
(1256, '2023-08-08', '19:00:00', '22:00:00', 43, 13),
(1257, '2023-08-10', '19:00:00', '22:00:00', 43, 13),
(1258, '2023-08-15', '19:00:00', '22:00:00', 43, 13),
(1259, '2023-08-17', '19:00:00', '22:00:00', 43, 13),
(1260, '2023-08-22', '19:00:00', '22:00:00', 43, 13),
(1261, '2023-08-24', '19:00:00', '22:00:00', 43, 13),
(1262, '2023-08-29', '19:00:00', '22:00:00', 43, 13),
(1263, '2023-08-31', '19:00:00', '22:00:00', 43, 13),
(1264, '2023-09-05', '19:00:00', '22:00:00', 43, 13),
(1265, '2023-09-07', '19:00:00', '22:00:00', 43, 13),
(1266, '2023-09-12', '19:00:00', '22:00:00', 43, 13),
(1267, '2023-09-14', '19:00:00', '22:00:00', 43, 13),
(1268, '2023-09-19', '19:00:00', '22:00:00', 43, 13),
(1269, '2023-09-21', '19:00:00', '22:00:00', 43, 13),
(1270, '2023-09-26', '19:00:00', '22:00:00', 43, 13),
(1271, '2023-09-28', '19:00:00', '22:00:00', 43, 13),
(1272, '2023-10-03', '19:00:00', '22:00:00', 43, 13),
(1273, '2023-10-05', '19:00:00', '22:00:00', 43, 13),
(1274, '2023-10-10', '19:00:00', '22:00:00', 43, 13),
(1275, '2023-10-12', '19:00:00', '22:00:00', 43, 13),
(1276, '2023-10-17', '19:00:00', '22:00:00', 43, 13),
(1277, '2023-10-19', '19:00:00', '22:00:00', 43, 13),
(1278, '2023-10-24', '19:00:00', '22:00:00', 43, 13),
(1279, '2023-10-26', '19:00:00', '22:00:00', 43, 13),
(1280, '2023-10-31', '19:00:00', '22:00:00', 43, 13),
(1281, '2023-11-02', '19:00:00', '22:00:00', 43, 13),
(1282, '2023-11-07', '19:00:00', '22:00:00', 43, 13),
(1283, '2023-11-09', '19:00:00', '22:00:00', 43, 13),
(1284, '2023-07-29', '08:00:00', '17:00:00', 44, 44),
(1285, '2023-08-05', '08:00:00', '17:00:00', 44, 44),
(1286, '2023-08-12', '08:00:00', '17:00:00', 44, 44),
(1287, '2023-08-19', '08:00:00', '17:00:00', 44, 44),
(1288, '2023-08-26', '08:00:00', '17:00:00', 44, 44),
(1289, '2023-09-02', '08:00:00', '17:00:00', 44, 44),
(1290, '2023-09-09', '08:00:00', '17:00:00', 44, 44),
(1291, '2023-09-16', '08:00:00', '17:00:00', 44, 44),
(1292, '2023-09-23', '08:00:00', '17:00:00', 44, 44),
(1293, '2023-09-30', '08:00:00', '17:00:00', 44, 44),
(1294, '2023-10-07', '08:00:00', '17:00:00', 44, 44),
(1295, '2023-10-14', '08:00:00', '17:00:00', 44, 44),
(1296, '2023-10-21', '08:00:00', '17:00:00', 44, 44),
(1297, '2023-10-28', '08:00:00', '17:00:00', 44, 44),
(1298, '2023-11-04', '08:00:00', '17:00:00', 44, 44),
(1299, '2023-11-11', '08:00:00', '17:00:00', 44, 44),
(1300, '2023-11-18', '08:00:00', '17:00:00', 44, 44),
(1301, '2023-11-25', '08:00:00', '17:00:00', 44, 44),
(1302, '2023-12-02', '08:00:00', '17:00:00', 44, 44),
(1303, '2023-12-09', '08:00:00', '17:00:00', 44, 44),
(1304, '2023-12-16', '08:00:00', '17:00:00', 44, 44),
(1305, '2023-07-25', '19:00:00', '22:00:00', 45, 23),
(1306, '2023-07-27', '19:00:00', '22:00:00', 45, 23),
(1307, '2023-08-01', '19:00:00', '22:00:00', 45, 23),
(1308, '2023-08-03', '19:00:00', '22:00:00', 45, 23),
(1309, '2023-08-08', '19:00:00', '22:00:00', 45, 23),
(1310, '2023-08-10', '19:00:00', '22:00:00', 45, 23),
(1312, '2023-08-17', '19:00:00', '22:00:00', 45, 23),
(1313, '2023-08-29', '19:00:00', '22:00:00', 46, 23),
(1314, '2023-08-31', '19:00:00', '22:00:00', 46, 23),
(1315, '2023-09-05', '19:00:00', '22:00:00', 46, 23),
(1316, '2023-09-07', '19:00:00', '22:00:00', 46, 23),
(1317, '2023-09-12', '19:00:00', '22:00:00', 46, 23),
(1319, '2023-09-19', '19:00:00', '22:00:00', 46, 23),
(1320, '2023-09-21', '19:00:00', '22:00:00', 46, 23),
(1321, '2023-07-31', '18:30:00', '22:00:00', 47, 23),
(1322, '2023-08-02', '18:30:00', '22:00:00', 47, 23),
(1323, '2023-08-07', '18:30:00', '22:00:00', 47, 23),
(1324, '2023-08-09', '18:30:00', '22:00:00', 47, 23),
(1326, '2023-08-16', '18:30:00', '22:00:00', 47, 23),
(1327, '2023-08-21', '18:30:00', '22:00:00', 47, 23),
(1328, '2023-08-28', '19:00:00', '22:00:00', 48, 23),
(1329, '2023-08-30', '19:00:00', '22:00:00', 48, 23),
(1330, '2023-09-04', '19:00:00', '22:00:00', 48, 23),
(1331, '2023-09-06', '19:00:00', '22:00:00', 48, 23),
(1332, '2023-09-11', '19:00:00', '22:00:00', 48, 23),
(1333, '2023-09-13', '19:00:00', '22:00:00', 48, 23),
(1334, '2023-09-18', '19:00:00', '22:00:00', 48, 23),
(1335, '2023-09-20', '19:00:00', '22:00:00', 48, 23),
(1336, '2023-09-25', '19:00:00', '22:00:00', 48, 23),
(1337, '2023-09-27', '19:00:00', '22:00:00', 48, 23),
(1338, '2023-10-02', '19:00:00', '22:00:00', 48, 23),
(1339, '2023-10-04', '19:00:00', '22:00:00', 48, 23),
(1340, '2023-10-09', '19:00:00', '22:00:00', 48, 23),
(1341, '2023-10-11', '19:00:00', '22:00:00', 48, 23),
(1342, '2023-08-07', '13:30:00', '17:30:00', 49, 2),
(1343, '2023-08-09', '13:30:00', '17:30:00', 49, 2),
(1345, '2023-08-16', '13:30:00', '17:30:00', 49, 2),
(1346, '2023-08-21', '13:30:00', '17:30:00', 49, 2),
(1347, '2023-08-23', '13:30:00', '17:30:00', 49, 2),
(1348, '2023-08-05', '08:00:00', '17:00:00', 1, 8),
(1349, '2023-08-12', '08:00:00', '17:00:00', 1, 8),
(1350, '2023-08-19', '08:00:00', '17:00:00', 1, 8),
(1351, '2023-08-26', '08:00:00', '17:00:00', 1, 8),
(1352, '2023-09-02', '08:00:00', '17:00:00', 1, 8),
(1353, '2023-09-09', '08:00:00', '17:00:00', 1, 8),
(1354, '2023-09-16', '08:00:00', '17:00:00', 1, 8),
(1355, '2023-09-23', '08:00:00', '17:00:00', 1, 8),
(1356, '2023-09-30', '08:00:00', '17:00:00', 1, 8),
(1357, '2023-10-07', '08:00:00', '17:00:00', 1, 8),
(1358, '2023-09-02', '08:00:00', '12:00:00', 51, 14),
(1359, '2023-09-09', '08:00:00', '12:00:00', 51, 14),
(1360, '2023-09-16', '08:00:00', '12:00:00', 51, 14),
(1361, '2023-09-23', '08:00:00', '12:00:00', 51, 14),
(1362, '2023-09-30', '08:00:00', '12:00:00', 51, 14),
(1363, '2023-10-07', '08:00:00', '12:00:00', 51, 14),
(1364, '2023-10-14', '08:00:00', '12:00:00', 51, 14),
(1365, '2023-10-21', '08:00:00', '12:00:00', 51, 14),
(1366, '2023-10-28', '08:00:00', '12:00:00', 51, 14),
(1367, '2023-11-04', '08:00:00', '12:00:00', 51, 14),
(1368, '2023-11-11', '08:00:00', '12:00:00', 51, 14),
(1369, '2023-11-18', '08:00:00', '12:00:00', 51, 14),
(1370, '2023-11-25', '08:00:00', '12:00:00', 51, 14),
(1371, '2023-12-02', '08:00:00', '12:00:00', 51, 14),
(1372, '2023-12-09', '08:00:00', '12:00:00', 51, 14);

-- --------------------------------------------------------

--
-- Table structure for table `turma`
--

CREATE TABLE `turma` (
  `idTurma` int(11) NOT NULL,
  `nome` varchar(100) DEFAULT NULL,
  `idDocenteResponsavel` int(11) DEFAULT NULL,
  `idCurso` int(11) DEFAULT NULL,
  `numeroDeVagas` int(11) DEFAULT NULL,
  `dataDeInicio` date DEFAULT NULL,
  `dataDeFinalizacao` date DEFAULT NULL,
  `status` enum('ofertado','em andamento','finalizado','em programacao') DEFAULT NULL
) ENGINE=InnoDB DEFAULT CHARSET=utf8mb4;

--
-- Dumping data for table `turma`
--

INSERT INTO `turma` (`idTurma`, `nome`, `idDocenteResponsavel`, `idCurso`, `numeroDeVagas`, `dataDeInicio`, `dataDeFinalizacao`, `status`) VALUES
(1, 'FBEPYTH231', 11, 11, 20, '2023-08-05', '2023-10-07', 'em andamento'),
(2, 'FBEYBLS231', 1, 42, 20, '2023-09-25', '2023-11-08', 'ofertado'),
(3, 'FBEAISO232', 1, 2, 20, '2023-08-07', '2023-09-04', 'em andamento'),
(4, 'D', 2, 32, 20, '2023-02-04', '2023-11-11', 'em andamento'),
(5, 'J', 2, 32, 20, '2023-06-19', '2024-03-27', 'em andamento'),
(6, 'I', 2, 35, 16, '2023-06-20', '2023-10-26', 'em andamento'),
(7, 'NF-FBEEXCB232', 3, 4, 40, '2023-07-29', '2023-09-30', 'em andamento'),
(8, 'NF- FBEEXCB231', 3, 4, 20, '2023-07-26', '2023-09-13', 'em andamento'),
(9, 'NF-FBEEXCA231', 3, 5, 20, '2023-07-25', '2023-09-14', 'em andamento'),
(10, 'FBEEAAC233', 3, 3, 20, '2023-10-07', '2023-11-11', 'ofertado'),
(11, 'FBEAADM233', 3, 6, 20, '2023-09-18', '2023-12-26', 'ofertado'),
(12, 'FBEPWBI2311', 4, 9, 20, '2023-09-18', '2023-10-02', 'em andamento'),
(13, 'FBEPWBI2312', 4, 9, 20, '2023-09-18', '2023-09-27', 'ofertado'),
(14, 'FBEAI90233', 4, 8, 20, '2023-10-10', '2023-11-28', 'ofertado'),
(15, 'FBEPYTH232', 4, 11, 20, '2023-09-16', '2023-11-25', 'ofertado'),
(16, 'C', 5, 32, 20, '2023-01-17', '2023-10-19', 'em andamento'),
(17, 'FREOMUC235', 5, 32, 20, '2023-10-24', '2024-04-30', 'ofertado'),
(18, 'G', 5, 7, 20, '2023-02-06', '2023-08-21', 'finalizado'),
(19, 'FREIQUA233', 5, 7, 20, '2023-09-04', '2024-03-25', 'ofertado'),
(20, 'FBELIDT231', 5, 29, 20, '2023-07-22', '2023-10-28', 'em andamento'),
(21, 'FBEMAME232', 5, 28, 20, '2023-09-05', '2023-10-31', 'ofertado'),
(22, 'SDE_FBEMSDF233', 12, 30, 20, '2023-07-24', '2023-12-11', 'em andamento'),
(23, 'FBEMMCO234', 12, 31, 20, '2023-07-25', '2023-12-19', 'em andamento'),
(24, 'FBEPL90231', 6, 10, 20, '2023-07-22', '2023-09-23', 'em andamento'),
(25, 'FBEISNG237', 6, 8, 20, '2023-09-30', '2023-12-09', 'ofertado'),
(26, 'FBEPL90232', 6, 10, 20, '2023-09-04', '2023-10-04', 'ofertado'),
(27, 'FBEPL90233', 6, 10, 20, '2023-09-05', '2023-10-18', 'ofertado'),
(28, 'FBEPOJF231', 6, 41, 20, '2023-09-18', '2023-12-28', 'ofertado'),
(29, 'SDE_FBEEAVL233', 7, 27, 20, '2023-07-24', '2023-12-06', 'em andamento'),
(30, 'FBEMMCO233', 7, 31, 20, '2023-07-25', '2023-12-12', 'em andamento'),
(31, 'FRECEMQ232', 13, 25, 16, '2023-06-13', '2023-11-30', 'em andamento'),
(32, 'FREEINS232', 13, 26, 20, '2023-06-26', '2023-11-29', 'em andamento'),
(33, 'FBEMAME231 - NF', 14, 28, 20, '2023-07-29', '2023-10-11', 'em andamento'),
(34, 'FBEARDU233', 8, 13, 16, '2023-08-08', '2023-09-14', 'em andamento'),
(35, 'FBELIDT232', 8, 29, 20, '2023-08-09', '2023-09-15', 'em andamento'),
(36, 'FBENR11234', 10, 38, 12, '2023-07-25', '2023-08-31', 'em andamento'),
(37, 'FRENR11236', 10, 38, 12, '2023-08-05', '2023-08-26', 'em andamento'),
(38, 'FRENR11235', 10, 38, 12, '2023-08-16', '2023-09-20', 'em andamento'),
(39, 'FBENR11237', 10, 38, 12, '2023-09-05', '2023-10-17', 'ofertado'),
(40, 'FRENR11238', 10, 38, 12, '2023-09-09', '2023-09-30', 'ofertado'),
(41, 'FRENR11239', 10, 38, 12, '2023-09-04', '2023-10-09', 'ofertado'),
(42, 'FBEEANA232', 16, 22, 16, '2023-07-26', '2023-10-30', 'em andamento'),
(43, 'FBEEDIG232', 16, 20, 16, '2023-07-27', '2023-11-09', 'em andamento'),
(44, 'FBEEINS234', 16, 26, 20, '2023-07-29', '2023-12-16', 'em andamento'),
(45, 'FBEPWBI238', 11, 9, 20, '2023-07-25', '2023-08-17', 'finalizado'),
(46, 'FBEPWBI239', 11, 9, 20, '2023-08-29', '2023-09-21', 'ofertado'),
(47, 'FBEPWBI235', 11, 9, 20, '2023-07-31', '2023-08-21', 'finalizado'),
(48, 'FBESIOT231', 11, 43, 20, '2023-08-28', '2023-10-11', 'ofertado'),
(49, 'FBEPWBI2310', 11, 9, 16, '2023-08-07', '2023-08-23', 'finalizado'),
(51, 'FBEARTA231', 18, 44, 16, '2023-09-02', '2023-12-09', 'ofertado'),
(52, 'FBEPWBI2313', 17, 9, 16, '2023-09-18', '2023-09-22', 'ofertado'),
(53, 'FBEPWBI2314', 17, 9, 16, '2023-09-18', '2023-09-22', 'ofertado'),
(54, 'FRESAEO233', 19, 37, 20, '2023-08-02', '2023-12-20', 'em andamento'),
(55, 'FRESAEO232', 19, 37, 20, '2023-07-22', '2023-12-16', 'em andamento'),
(56, 'FBEAPIN231', 15, 45, 16, '2023-08-09', '2023-09-29', 'em andamento');

-- --------------------------------------------------------

--
-- Table structure for table `unidadescurriculares`
--

CREATE TABLE `unidadescurriculares` (
  `idUnidade` int(11) NOT NULL,
  `nome` varchar(100) NOT NULL,
  `idCurso` int(11) DEFAULT NULL
) ENGINE=InnoDB DEFAULT CHARSET=utf8mb4;

--
-- Indexes for dumped tables
--

--
-- Indexes for table `ambiente`
--
ALTER TABLE `ambiente`
  ADD PRIMARY KEY (`idSala`);

--
-- Indexes for table `area`
--
ALTER TABLE `area`
  ADD PRIMARY KEY (`idArea`);

--
-- Indexes for table `calendarioacademico`
--
ALTER TABLE `calendarioacademico`
  ADD PRIMARY KEY (`idCalendario`);

--
-- Indexes for table `curso`
--
ALTER TABLE `curso`
  ADD PRIMARY KEY (`idCurso`);

--
-- Indexes for table `datasletivas`
--
ALTER TABLE `datasletivas`
  ADD PRIMARY KEY (`idDatasLetivas`),
  ADD KEY `idCalendarioAcademico` (`idCalendarioAcademico`);

--
-- Indexes for table `docente`
--
ALTER TABLE `docente`
  ADD PRIMARY KEY (`nif`);

--
-- Indexes for table `encontro`
--
ALTER TABLE `encontro`
  ADD PRIMARY KEY (`idEncontro`);

--
-- Indexes for table `turma`
--
ALTER TABLE `turma`
  ADD PRIMARY KEY (`idTurma`);

--
-- Indexes for table `unidadescurriculares`
--
ALTER TABLE `unidadescurriculares`
  ADD PRIMARY KEY (`idUnidade`);

--
-- AUTO_INCREMENT for dumped tables
--

--
-- AUTO_INCREMENT for table `ambiente`
--
ALTER TABLE `ambiente`
  MODIFY `idSala` int(11) NOT NULL AUTO_INCREMENT, AUTO_INCREMENT=55;

--
-- AUTO_INCREMENT for table `area`
--
ALTER TABLE `area`
  MODIFY `idArea` int(11) NOT NULL AUTO_INCREMENT, AUTO_INCREMENT=15;

--
-- AUTO_INCREMENT for table `calendarioacademico`
--
ALTER TABLE `calendarioacademico`
  MODIFY `idCalendario` int(11) NOT NULL AUTO_INCREMENT, AUTO_INCREMENT=2;

--
-- AUTO_INCREMENT for table `curso`
--
ALTER TABLE `curso`
  MODIFY `idCurso` int(11) NOT NULL AUTO_INCREMENT, AUTO_INCREMENT=47;

--
-- AUTO_INCREMENT for table `datasletivas`
--
ALTER TABLE `datasletivas`
  MODIFY `idDatasLetivas` int(11) NOT NULL AUTO_INCREMENT;

--
-- AUTO_INCREMENT for table `encontro`
--
ALTER TABLE `encontro`
  MODIFY `idEncontro` int(11) NOT NULL AUTO_INCREMENT, AUTO_INCREMENT=1373;

--
-- AUTO_INCREMENT for table `turma`
--
ALTER TABLE `turma`
  MODIFY `idTurma` int(11) NOT NULL AUTO_INCREMENT, AUTO_INCREMENT=57;

--
-- AUTO_INCREMENT for table `unidadescurriculares`
--
ALTER TABLE `unidadescurriculares`
  MODIFY `idUnidade` int(11) NOT NULL AUTO_INCREMENT;

--
-- Constraints for dumped tables
--

--
-- Constraints for table `datasletivas`
--
ALTER TABLE `datasletivas`
  ADD CONSTRAINT `datasletivas_ibfk_1` FOREIGN KEY (`idCalendarioAcademico`) REFERENCES `calendarioacademico` (`idCalendario`);
COMMIT;

/*!40101 SET CHARACTER_SET_CLIENT=@OLD_CHARACTER_SET_CLIENT */;
/*!40101 SET CHARACTER_SET_RESULTS=@OLD_CHARACTER_SET_RESULTS */;
/*!40101 SET COLLATION_CONNECTION=@OLD_COLLATION_CONNECTION */;
