INSERT INTO Curso (nome, metaDeTI, carga_horaria, vigencia, descricao, requisitos, Sigla)
VALUES
    ('Interpretação da Norma NBR-ISO 9001:2015', 0, 20, '11/11/2015', 'Curso que aborda a interpretação da Norma NBR-ISO 9001:2015 para sistemas de gestão de qualidade.', 'Conhecimentos básicos em gestão de qualidade', ''),
    ('Auditor Interno NBR ISO 9001:2015', 0, 24, '11/11/2015', 'Curso para capacitar profissionais a realizar auditorias internas de acordo com a Norma NBR ISO 9001:2015.', 'Conhecimentos básicos em gestão de qualidade', ''),
    ('Excelência no Atendimento ao Cliente', 0, 20, '18/08/2022', 'Desenvolva habilidades para fornecer um atendimento de excelência ao cliente.', 'Nenhum', ''),
    ('Excel Básico', 0, 40, '06/11/2020', 'Introdução ao Microsoft Excel para iniciantes.', 'Nenhum', ''),
    ('Excel Avançado', 0, 40, '15/12/2020', 'Aprofunde seus conhecimentos no Microsoft Excel e aprenda recursos avançados.', 'Conhecimentos básicos em Microsoft Excel', ''),
    ('Auxiliar Administrativo', 0, 160, '23/01/2020', 'Curso para formação de auxiliares administrativos com foco em rotinas e processos administrativos.', 'Nenhum', ''),
    ('Inspetor de Qualidade', 0, 160, '27/12/2019', 'Desenvolva habilidades para realizar inspeções de qualidade em produtos e processos.', 'Conhecimentos básicos em controle de qualidade', ''),
    ('Implantação de Serviços em Nuvem - Google Cloud Foundations', 'Sim', 40, '18/05/2022', 'Curso que apresenta os fundamentos da tecnologia de nuvem e os serviços do Google Cloud.', 'Nenhum', ''),
    ('Power BI', 'Sim', 20, '26/07/2020', 'Aprenda a utilizar o Power BI para análise e visualização de dados.', 'Conhecimentos básicos em análise de dados', ''),
    ('Fundamentos de Power Platform - Microsoft - PL-900', 'Sim', 40, '22/03/2023', 'Curso introdutório sobre a Power Platform da Microsoft.', 'Nenhum', ''),
    ('Programação em Python', 'Sim', 80, '12/04/2022', 'Aprenda os conceitos básicos e avançados de programação em Python.', 'Conhecimentos básicos em lógica de programação', ''),
    ('Programação em Python no Raspberry', 0, 48, '01/03/2019', 'Desenvolva aplicações e projetos utilizando Python no Raspberry Pi.', 'Conhecimentos básicos em programação Python', ''),
    ('ARDUINO', 0, 40, '01/12/2021', 'Aprenda a programar e criar projetos com a plataforma Arduino.', 'Conhecimentos básicos em eletrônica', ''),
    ('AUTO CAD 2D', 0, 48, '16/10/2009', 'Curso de desenho técnico em AutoCAD 2D para iniciantes.', 'Nenhum', ''),
    ('SOLIDWORKS', 0, 80, '22/12/2022', 'Curso de modelagem 3D e projetos em SOLIDWORKS.', 'Conhecimentos básicos em desenho técnico', ''),
    ('Automação de Iluminação com Dispositivos Inteligentes', 0, 40, '11/04/2022', 'Aprenda a automatizar sistemas de iluminação com dispositivos inteligentes.', 'Conhecimentos básicos em eletrônica e automação', ''),
    ('Instalação de Circuito Fechado de TV - CFTV', 0, 32, '23/09/2019', 'Curso para instalação e configuração de sistemas de CFTV.', 'Conhecimentos básicos em redes e eletrônica', ''),
    ('Tecnologia e Aplicações – Sistemas Aeronáuticos', 0, 24, '28/05/2021', 'Conheça a tecnologia e aplicações em sistemas aeronáuticos.', 'Conhecimentos básicos em aeronáutica', ''),
    ('Projetos Luminotécnicos aplicados às Instalações Industriais', 0, 40, '26/05/2020', 'Aprenda a projetar sistemas luminotécnicos para instalações industriais.', 'Conhecimentos básicos em eletricidade', ''),
    ('Eletrônica Digital', 0, 80, '28/10/2022', 'Curso de eletrônica digital para projetos eletrônicos avançados.', 'Conhecimentos básicos em eletrônica', ''),
    ('Instalação de Condicionador de Ar Tipo Split', 0, 40, '25/11/2022', 'Aprenda a instalar e fazer manutenção de condicionadores de ar tipo split.', 'Conhecimentos básicos em refrigeração', ''),
    ('Eletrônica Analógica', 0, 80, '21/12/2021', 'Curso de eletrônica analógica para projetos eletrônicos.', 'Conhecimentos básicos em eletrônica', ''),
    ('Instalação de Cerca Elétrica', 0, 20, '08/10/2019', 'Aprenda a instalar sistemas de cerca elétrica.', 'Conhecimentos básicos em eletricidade', ''),
    ('Eletricista Instalador Residencial', 0, 160, '06/04/2010', 'Curso para formação de eletricistas instaladores residenciais.', 'Nenhum', ''),
    ('Comandos Elétricos', 0, 120, '11/03/2022', 'Aprenda a realizar instalação e manutenção de comandos elétricos.', 'Conhecimentos básicos em eletricidade', ''),
    ('Eletricista Instalador', 0, 160, '12/11/2021', 'Curso para formação de eletricistas instaladores.', 'Conhecimentos básicos em eletricidade', ''),
    ('Eletricista Automotivo de Veículos Leves', 0, 160, '06/04/2022', 'Aprenda a realizar manutenção elétrica em veículos leves.', 'Conhecimentos básicos em eletricidade automotiva', ''),
    ('Metrologia Aplicada à Mecânica', 0, 60, '28/02/2019', 'Curso de metrologia aplicada à mecânica.', 'Nenhum', ''),
    ('Leitura e Interpretação de Desenho Técnico Mecânico', 0, 60, '17/12/2019', 'Aprenda a ler e interpretar desenhos técnicos mecânicos.', 'Nenhum', ''),
    ('Mecânico de Suspensão,  Direção e Freios de Veículos Leves', 0, 160, '24/03/2022', 'Curso para formação de mecânicos de suspensão, direção e freios de veículos leves.', 'Nenhum', ''),
    ('Mecânico de Motor Ciclo Otto', 0, 160, '14/07/2022', 'Curso para formação de mecânicos de motor ciclo Otto.', 'Nenhum', ''),
    ('Operador de Máquinas de Usinagem Convencionais', 0, 220, '13/12/2018', 'Curso para formação de operadores de máquinas de usinagem convencionais.', 'Nenhum', ''),
    ('Programação de Torno CNC', 0, 48, '21/10/2021', 'Curso para aprender programação de máquinas de torno CNC.', 'Conhecimentos básicos em usinagem CNC', '');




INSERT INTO Ambiente (Identificador, descricao) VALUES
('S115', 'biblioteca'),
('S129', 'Sala aula'),
('S130', 'Sala aula'),
('L131', 'Metrologia 1'),
('L132', 'Metrologia 2'),
('S133', 'Sala Aula'),
('L135', 'EletroErosão FIO'),
('L137', 'CAD/CAM'),
('S215', 'Preparação dos docentes'),
('L216', 'Ensaio Mecânico'),
('S224', 'Sala Aula'),
('S228', 'Tec. Eletr. Veicular'),
('L231', 'Eletronica digital'),
('L232', 'Comando Acionamento'),
('L233', 'Domótica'),
('S236', 'Tec. Eletricidade'),
('S304', 'Sala aula'),
('S305', 'Auditório'),
('S306', 'Sala Aula'),
('L307', 'Projetos'),
('S308', 'Desenho'),
('L310', 'Informática 1'),
('L315', 'Informática 2'),
('S318', 'Sala aula'),
('S319', 'Sala Aula'),
('L320', 'Informática III'),
('S321', 'Reunião'),
('L322', 'Informática IV'),
('S323', 'Sala Aula'),
('S324', 'Sala Aula'),
('L327', 'Contr. Program'),
('L328', 'Hidraulica'),
('L329', 'FMS/Robótica'),
('L330', 'Informática V'),
('L331', 'Pneumática'),
('L332', 'Eletrônica geral'),
('S333', 'Dep. mecatrônica'),
('L334', 'Comandos Eletr'),
('S404', 'Sala aula');


-- Inserir dados atualizados dos docentes
INSERT INTO Docente (nif, NomeCompleto, areaDeAtuacao, tipoDeContratacao, cargaHoraria, inicioDaJornada, fimDaJornada)
VALUES
    (1085899, 'VINICIUS DOS SANTOS', 'Tecnologia da Informação', 'Integral', 220, '08:00', '17:00'),
    (1085900, 'ANDRÉ WILLIAN CARREIRA', NULL, 'Horista', 220, '08:00', '17:00'),
    (1085901, 'CARLOS BACH', 'Aviônica', 'Integral', 220, '08:00', '17:00'),
    (1085902, 'CINTIA DE JESUS NIEVES GOMES', NULL, 'Horista', 220, '08:00', '17:00'),
    (1085903, 'FRANCISCO DE AZARA', NULL, 'Integral', 220, '08:00', '17:00'),
    (1085904, 'LEANDRO', NULL, 'Horista', 220, '08:00', '17:00'),
    (1085905, 'LUCIANO', 'Tecnologia da Informação', 'Integral', 220, '08:00', '17:00'),
    (1085906, 'MAICON', NULL, 'Horista', 220, '08:00', '17:00'),
    (1085907, 'MARCELO', NULL, 'Integral', 220, '08:00', '17:00'),
    (1085908, 'MATHEUS MICHELINO', NULL, 'Horista', 220, '08:00', '17:00'),
    (1085909, 'MESSIAS', 'Automação', 'Integral', 220, '08:00', '17:00'),
    (1085910, 'MOZART', 'Automação', 'Horista', 220, '08:00', '17:00'),
    (1085911, 'PANTE', NULL, 'Integral', 220, '08:00', '17:00'),
    (1085912, 'RAFAEL SELVAGIO', 'Tecnologia da Informação', 'Horista', 220, '08:00', '17:00'),
    (1085913, 'REGINALDO', 'Logistica', 'Integral', 220, '08:00', '17:00'),
    (1085914, 'TIAGO', NULL, 'Horista', 220, '08:00', '17:00');

    
    -- turmas do vinicius
    INSERT INTO Turma (idTurma, nome, idDocenteResponsavel, idCurso, numeroDeVagas, dataDeInicio, dataDeFinalizacao, status)
VALUES
    (1, 'FBEPWBI236', 1085899, 109, 20, '2023-07-03', '2023-07-17', 'FINALIZADO'),
    (2, 'FBEPWBI238', 1085899, 109, 20, '2023-07-25', '2023-08-17', 'OFERTADO'),
    (3, 'FBEPWBI239', 1085899, 109, 20, '2023-08-29', '2023-09-21', 'EM PROGRAMAÇÃO'),
    (4, 'FBEPWBI235', 1085899, 109, 20, '2023-07-31', '2023-08-21', 'EM PROGRAMAÇÃO'),
    (5, 'FBEPWBI234', 1085899, 109, 20, '2023-07-01', '2023-07-29', 'EM ANDAMENTO'),
    (6, 'FBESIOT231', 1085899, 140, 20, '2023-08-28', '2023-10-11', 'OFERTADO'),
    (7, 'FBEPWBI2310', 1085899, 109, 16, '2023-08-02', '2023-08-21', 'EM PROGRAMAÇÃO'),
    (8, 'FBEPYTH231', 1085899, 112, 20, '2023-08-05', '2023-10-07', 'AGUARDANDO INICIO');
    
    -- turmas do pante
    INSERT INTO Turma (idTurma, nome, idDocenteResponsavel, idCurso, numeroDeVagas, dataDeInicio, dataDeFinalizacao, status)
VALUES
    (9, 'ATIND01', 1085911, 127, 40, '2023-08-03', '2023-09-17', 'FINALIZADO'),
    (10, 'ATIND02', 1085911, 127, 40, '2023-07-25', '2023-08-17', 'OFERTADO'),
    (11, 'ATIND03', 1085911, 127, 40, '2023-08-29', '2023-09-21', 'EM PROGRAMAÇÃO'),
    (12, 'ATIND04', 1085911, 127, 40, '2023-09-31', '2023-10-21', 'EM PROGRAMAÇÃO');
    

INSERT INTO Encontro (idEncontro, dataDoEncontro, inicio, termino, idTurma, idAmbiente)
VALUES
    (1, '2023-09-10', '09:00', '12:00', 1, 1),
    (2, '2023-09-12', '14:00', '17:00', 2, 2),
    (3, '2023-09-15', '10:30', '12:30', 3, 3),
    (4, '2023-09-18', '13:00', '16:00', 4, 4),
    (5, '2023-09-20', '08:00', '11:00', 5, 5),
    (6, '2023-09-22', '14:30', '17:30', 6, 6),
    (7, '2023-09-25', '09:30', '12:30', 7, 7),
    (8, '2023-09-28', '13:30', '16:30', 8, 8),
    (9, '2023-10-02', '10:00', '13:00', 1, 1),
    (10, '2023-10-05', '15:00', '18:00', 2, 1),
    (11, '2023-10-08', '09:30', '12:30', 3, 1),
    (12, '2023-10-12', '14:00', '17:00', 4, 2),
    (13, '2023-10-15', '10:30', '12:30', 5, 3),
    (14, '2023-10-18', '13:00', '16:00', 6, 4),
    (15, '2023-10-20', '08:00', '11:00', 7, 5),
    (16, '2023-10-22', '14:30', '17:30', 8, 6),
    (17, '2023-10-25', '09:30', '12:30', 1, 7),
    (18, '2023-10-28', '13:30', '16:30', 2, 8),
    (19, '2023-11-02', '10:00', '13:00', 3, 1),
    (20, '2023-11-05', '15:00', '18:00', 4, 2),
    (21, '2023-11-08', '09:30', '12:30', 5, 3),
    (22, '2023-11-12', '14:00', '17:00', 6, 4),
    (23, '2023-11-15', '10:30', '12:30', 7, 5),
    (24, '2023-11-18', '13:00', '16:00', 8, 6),
    (25, '2023-11-20', '08:00', '11:00', 1, 7),
    (26, '2023-11-22', '14:30', '17:30', 2, 8),
    (27, '2023-11-25', '09:30', '12:30', 3, 1),
    (28, '2023-11-28', '13:30', '16:30', 4, 1),
    (29, '2023-12-02', '10:00', '13:00', 5, 2),
    (30, '2023-12-05', '15:00', '18:00', 6, 3),
    (31, '2023-12-08', '09:30', '12:30', 7, 4),
    (32, '2023-12-12', '14:00', '17:00', 8, 5),
    (33, '2023-12-15', '10:30', '12:30', 1, 6),
    (34, '2023-12-18', '13:00', '16:00', 2, 7),
    (35, '2023-12-20', '08:00', '11:00', 3, 8),
    (36, '2023-12-22', '14:30', '17:30', 4, 1),
    (37, '2023-12-25', '09:30', '12:30', 5, 2),
    (38, '2023-12-28', '13:30', '16:30', 6, 3),
    (39, '2024-01-02', '10:00', '13:00', 7, 4),
    (40, '2024-01-05', '15:00', '18:00', 8, 5),
    (41, '2024-01-08', '09:30', '12:30', 1, 6),
    (42, '2024-01-12', '14:00', '17:00', 2, 7),
    (43, '2024-01-15', '10:30', '12:30', 3, 8);
    
